ID,t,DS
Ind. 1,10,Sa
Ind. 1,20,Sa
Ind. 1,30,Sa
Ind. 1,40,Sa
Ind. 1,50,Sa
Ind. 1,60,Sa
Ind. 1,70,Sa
Ind. 1,80,Sa
Ind. 1,90,Sa
Ind. 1,100,Sa
Ind. 2,10,Sa
Ind. 2,20,Sa
Ind. 2,30,Sa
Ind. 2,40,Sa
Ind. 2,50,Sa
Ind. 2,60,R
Ind. 2,70,R
Ind. 2,80,R
Ind. 2,90,R
Ind. 2,100,R
Ind. 3,10,Sa
Ind. 3,20,Sa
Ind. 3,30,Sa
Ind. 3,40,Sa
Ind. 3,50,Sa
Ind. 3,60,Sa
Ind. 3,70,Sa
Ind. 3,80,Sa
Ind. 3,90,Sa
Ind. 3,100,Sa
Ind. 4,10,Sa
Ind. 4,20,Sa
Ind. 4,30,Sa
Ind. 4,40,Sa
Ind. 4,50,R
Ind. 4,60,R
Ind. 4,70,R
Ind. 4,80,R
Ind. 4,90,R
Ind. 4,100,R
Ind. 5,10,Sa
Ind. 5,20,Sa
Ind. 5,30,Sa
Ind. 5,40,Sa
Ind. 5,50,Sa
Ind. 5,60,Sa
Ind. 5,70,Sa
Ind. 5,80,Sa
Ind. 5,90,Sa
Ind. 5,100,Sa
Ind. 6,10,Sa
Ind. 6,20,Sa
Ind. 6,30,Sa
Ind. 6,40,Sa
Ind. 6,50,Sa
Ind. 6,60,Sa
Ind. 6,70,Sa
Ind. 6,80,Sa
Ind. 6,90,I
Ind. 6,100,R
Ind. 7,10,Sa
Ind. 7,20,Sa
Ind. 7,30,Sa
Ind. 7,40,I
Ind. 7,50,I
Ind. 7,60,I
Ind. 7,70,I
Ind. 7,80,R
Ind. 7,90,R
Ind. 7,100,R
Ind. 8,10,Sa
Ind. 8,20,Sa
Ind. 8,30,Sa
Ind. 8,40,I
Ind. 8,50,R
Ind. 8,60,R
Ind. 8,70,R
Ind. 8,80,R
Ind. 8,90,R
Ind. 8,100,R
Ind. 9,10,Sa
Ind. 9,20,Sa
Ind. 9,30,Sa
Ind. 9,40,Sa
Ind. 9,50,Sa
Ind. 9,60,R
Ind. 9,70,R
Ind. 9,80,R
Ind. 9,90,R
Ind. 9,100,R
Ind. 10,10,Sa
Ind. 10,20,Sa
Ind. 10,30,Sa
Ind. 10,40,Sa
Ind. 10,50,Sa
Ind. 10,60,Sa
Ind. 10,70,Sa
Ind. 10,80,Sa
Ind. 10,90,Sa
Ind. 10,100,Sa
Ind. 11,10,Sa
Ind. 11,20,Sa
Ind. 11,30,Sa
Ind. 11,40,Sa
Ind. 11,50,Sa
Ind. 11,60,Sa
Ind. 11,70,Sa
Ind. 11,80,Sa
Ind. 11,90,Sa
Ind. 11,100,Sa
Ind. 12,10,Sa
Ind. 12,20,Sa
Ind. 12,30,Sa
Ind. 12,40,Sa
Ind. 12,50,I
Ind. 12,60,I
Ind. 12,70,R
Ind. 12,80,R
Ind. 12,90,R
Ind. 12,100,R
Ind. 13,10,Sa
Ind. 13,20,Sa
Ind. 13,30,Sa
Ind. 13,40,Sa
Ind. 13,50,Sa
Ind. 13,60,Sa
Ind. 13,70,Sa
Ind. 13,80,I
Ind. 13,90,I
Ind. 13,100,I
Ind. 14,10,Sa
Ind. 14,20,Sa
Ind. 14,30,Sa
Ind. 14,40,Sa
Ind. 14,50,Sa
Ind. 14,60,Sa
Ind. 14,70,Sa
Ind. 14,80,Sa
Ind. 14,90,Sa
Ind. 14,100,Sa
Ind. 15,10,Sa
Ind. 15,20,Sa
Ind. 15,30,Sa
Ind. 15,40,Sa
Ind. 15,50,Sa
Ind. 15,60,Sa
Ind. 15,70,Sa
Ind. 15,80,R
Ind. 15,90,R
Ind. 15,100,R
Ind. 16,10,Sa
Ind. 16,20,Sa
Ind. 16,30,Sa
Ind. 16,40,Sa
Ind. 16,50,Sa
Ind. 16,60,Sa
Ind. 16,70,Sa
Ind. 16,80,Sa
Ind. 16,90,Sa
Ind. 16,100,Sa
Ind. 17,10,Sa
Ind. 17,20,I
Ind. 17,30,R
Ind. 17,40,R
Ind. 17,50,R
Ind. 17,60,R
Ind. 17,70,R
Ind. 17,80,R
Ind. 17,90,R
Ind. 17,100,R
Ind. 18,10,Sa
Ind. 18,20,Sa
Ind. 18,30,Sa
Ind. 18,40,I
Ind. 18,50,I
Ind. 18,60,I
Ind. 18,70,R
Ind. 18,80,R
Ind. 18,90,R
Ind. 18,100,R
Ind. 19,10,Sa
Ind. 19,20,Sa
Ind. 19,30,Sa
Ind. 19,40,Sa
Ind. 19,50,Sa
Ind. 19,60,I
Ind. 19,70,I
Ind. 19,80,I
Ind. 19,90,R
Ind. 19,100,R
Ind. 20,10,Sa
Ind. 20,20,Sa
Ind. 20,30,Sa
Ind. 20,40,Sa
Ind. 20,50,Sa
Ind. 20,60,Sa
Ind. 20,70,Sa
Ind. 20,80,Sa
Ind. 20,90,Sa
Ind. 20,100,Sa
Ind. 21,10,Sa
Ind. 21,20,Sa
Ind. 21,30,Sa
Ind. 21,40,R
Ind. 21,50,R
Ind. 21,60,R
Ind. 21,70,R
Ind. 21,80,R
Ind. 21,90,R
Ind. 21,100,R
Ind. 22,10,Sa
Ind. 22,20,Sa
Ind. 22,30,Sa
Ind. 22,40,I
Ind. 22,50,I
Ind. 22,60,I
Ind. 22,70,I
Ind. 22,80,I
Ind. 22,90,I
Ind. 22,100,I
Ind. 23,10,Sa
Ind. 23,20,Sa
Ind. 23,30,Sa
Ind. 23,40,Sa
Ind. 23,50,Sa
Ind. 23,60,Sa
Ind. 23,70,Sa
Ind. 23,80,Sa
Ind. 23,90,Sa
Ind. 23,100,Sa
Ind. 24,10,Sa
Ind. 24,20,Sa
Ind. 24,30,I
Ind. 24,40,I
Ind. 24,50,R
Ind. 24,60,R
Ind. 24,70,R
Ind. 24,80,R
Ind. 24,90,R
Ind. 24,100,R
Ind. 25,10,Sa
Ind. 25,20,Sa
Ind. 25,30,Sa
Ind. 25,40,Sa
Ind. 25,50,Sa
Ind. 25,60,Sa
Ind. 25,70,Sa
Ind. 25,80,Sa
Ind. 25,90,Sa
Ind. 25,100,Sa
Ind. 26,10,Sa
Ind. 26,20,Sa
Ind. 26,30,Sa
Ind. 26,40,Sa
Ind. 26,50,Sa
Ind. 26,60,I
Ind. 26,70,I
Ind. 26,80,R
Ind. 26,90,R
Ind. 26,100,R
Ind. 27,10,Sa
Ind. 27,20,Sa
Ind. 27,30,I
Ind. 27,40,R
Ind. 27,50,R
Ind. 27,60,R
Ind. 27,70,R
Ind. 27,80,R
Ind. 27,90,R
Ind. 27,100,R
Ind. 28,10,Sa
Ind. 28,20,Sa
Ind. 28,30,Sa
Ind. 28,40,R
Ind. 28,50,R
Ind. 28,60,R
Ind. 28,70,R
Ind. 28,80,R
Ind. 28,90,R
Ind. 28,100,R
Ind. 29,10,Sa
Ind. 29,20,I
Ind. 29,30,I
Ind. 29,40,R
Ind. 29,50,R
Ind. 29,60,R
Ind. 29,70,R
Ind. 29,80,R
Ind. 29,90,R
Ind. 29,100,R
Ind. 30,10,Sa
Ind. 30,20,Sa
Ind. 30,30,Sa
Ind. 30,40,Sa
Ind. 30,50,Sa
Ind. 30,60,I
Ind. 30,70,I
Ind. 30,80,I
Ind. 30,90,I
Ind. 30,100,I
Ind. 31,10,Sa
Ind. 31,20,Sa
Ind. 31,30,Sa
Ind. 31,40,Sa
Ind. 31,50,Sa
Ind. 31,60,Sa
Ind. 31,70,Sa
Ind. 31,80,Sa
Ind. 31,90,I
Ind. 31,100,I
Ind. 32,10,Sa
Ind. 32,20,Sa
Ind. 32,30,Sa
Ind. 32,40,Sa
Ind. 32,50,Sa
Ind. 32,60,Sa
Ind. 32,70,Sa
Ind. 32,80,Sa
Ind. 32,90,Sa
Ind. 32,100,Sa
Ind. 33,10,I
Ind. 33,20,R
Ind. 33,30,R
Ind. 33,40,R
Ind. 33,50,R
Ind. 33,60,R
Ind. 33,70,R
Ind. 33,80,R
Ind. 33,90,R
Ind. 33,100,R
Ind. 34,10,Sa
Ind. 34,20,Sa
Ind. 34,30,Sa
Ind. 34,40,Sa
Ind. 34,50,Sa
Ind. 34,60,Sa
Ind. 34,70,Sa
Ind. 34,80,I
Ind. 34,90,I
Ind. 34,100,R
Ind. 35,10,Sa
Ind. 35,20,Sa
Ind. 35,30,Sa
Ind. 35,40,Sa
Ind. 35,50,Sa
Ind. 35,60,Sa
Ind. 35,70,Sa
Ind. 35,80,R
Ind. 35,90,R
Ind. 35,100,R
Ind. 36,10,Sa
Ind. 36,20,Sa
Ind. 36,30,Sa
Ind. 36,40,Sa
Ind. 36,50,Sa
Ind. 36,60,Sa
Ind. 36,70,Sa
Ind. 36,80,Sa
Ind. 36,90,Sa
Ind. 36,100,Sa
Ind. 37,10,Sa
Ind. 37,20,Sa
Ind. 37,30,Sa
Ind. 37,40,Sa
Ind. 37,50,Sa
Ind. 37,60,Sa
Ind. 37,70,Sa
Ind. 37,80,Sa
Ind. 37,90,Sa
Ind. 37,100,Sa
Ind. 38,10,Sa
Ind. 38,20,Sa
Ind. 38,30,Sa
Ind. 38,40,Sa
Ind. 38,50,Sa
Ind. 38,60,Sa
Ind. 38,70,Sa
Ind. 38,80,Sa
Ind. 38,90,Sa
Ind. 38,100,Sa
Ind. 39,10,Sa
Ind. 39,20,Sa
Ind. 39,30,Sa
Ind. 39,40,Sa
Ind. 39,50,Sa
Ind. 39,60,I
Ind. 39,70,I
Ind. 39,80,R
Ind. 39,90,R
Ind. 39,100,R
Ind. 40,10,Sa
Ind. 40,20,Sa
Ind. 40,30,Sa
Ind. 40,40,Sa
Ind. 40,50,I
Ind. 40,60,R
Ind. 40,70,R
Ind. 40,80,R
Ind. 40,90,R
Ind. 40,100,R
Ind. 41,10,Sa
Ind. 41,20,Sa
Ind. 41,30,Sa
Ind. 41,40,Sa
Ind. 41,50,Sa
Ind. 41,60,Sa
Ind. 41,70,Sa
Ind. 41,80,Sa
Ind. 41,90,Sa
Ind. 41,100,Sa
Ind. 42,10,Sa
Ind. 42,20,Sa
Ind. 42,30,Sa
Ind. 42,40,Sa
Ind. 42,50,I
Ind. 42,60,I
Ind. 42,70,I
Ind. 42,80,R
Ind. 42,90,R
Ind. 42,100,R
Ind. 43,10,Sa
Ind. 43,20,Sa
Ind. 43,30,Sa
Ind. 43,40,Sa
Ind. 43,50,Sa
Ind. 43,60,Sa
Ind. 43,70,Sa
Ind. 43,80,Sa
Ind. 43,90,Sa
Ind. 43,100,Sa
Ind. 44,10,Sa
Ind. 44,20,Sa
Ind. 44,30,Sa
Ind. 44,40,Sa
Ind. 44,50,Sa
Ind. 44,60,Sa
Ind. 44,70,I
Ind. 44,80,I
Ind. 44,90,R
Ind. 44,100,R
Ind. 45,10,Sa
Ind. 45,20,Sa
Ind. 45,30,Sa
Ind. 45,40,Sa
Ind. 45,50,Sa
Ind. 45,60,Sa
Ind. 45,70,Sa
Ind. 45,80,Sa
Ind. 45,90,Sa
Ind. 45,100,Sa
Ind. 46,10,Sa
Ind. 46,20,Sa
Ind. 46,30,I
Ind. 46,40,I
Ind. 46,50,I
Ind. 46,60,I
Ind. 46,70,I
Ind. 46,80,I
Ind. 46,90,R
Ind. 46,100,R
Ind. 47,10,Sa
Ind. 47,20,Sa
Ind. 47,30,Sa
Ind. 47,40,Sa
Ind. 47,50,Sa
Ind. 47,60,Sa
Ind. 47,70,Sa
Ind. 47,80,Sa
Ind. 47,90,Sa
Ind. 47,100,Sa
Ind. 48,10,Sa
Ind. 48,20,Sa
Ind. 48,30,Sa
Ind. 48,40,Sa
Ind. 48,50,Sa
Ind. 48,60,Sa
Ind. 48,70,Sa
Ind. 48,80,Sa
Ind. 48,90,Sa
Ind. 48,100,Sa
Ind. 49,10,Sa
Ind. 49,20,Sa
Ind. 49,30,Sa
Ind. 49,40,Sa
Ind. 49,50,R
Ind. 49,60,R
Ind. 49,70,R
Ind. 49,80,R
Ind. 49,90,R
Ind. 49,100,R
Ind. 50,10,Sa
Ind. 50,20,Sa
Ind. 50,30,Sa
Ind. 50,40,Sa
Ind. 50,50,Sa
Ind. 50,60,Sa
Ind. 50,70,Sa
Ind. 50,80,Sa
Ind. 50,90,Sa
Ind. 50,100,Sa
Ind. 51,10,Sa
Ind. 51,20,Sa
Ind. 51,30,Sa
Ind. 51,40,Sa
Ind. 51,50,Sa
Ind. 51,60,Sa
Ind. 51,70,Sa
Ind. 51,80,Sa
Ind. 51,90,Sa
Ind. 51,100,Sa
Ind. 52,10,Sa
Ind. 52,20,Sa
Ind. 52,30,Sa
Ind. 52,40,Sa
Ind. 52,50,Sa
Ind. 52,60,I
Ind. 52,70,I
Ind. 52,80,I
Ind. 52,90,I
Ind. 52,100,R
Ind. 53,10,Sa
Ind. 53,20,Sa
Ind. 53,30,Sa
Ind. 53,40,Sa
Ind. 53,50,Sa
Ind. 53,60,Sa
Ind. 53,70,Sa
Ind. 53,80,I
Ind. 53,90,I
Ind. 53,100,I
Ind. 54,10,Sa
Ind. 54,20,Sa
Ind. 54,30,Sa
Ind. 54,40,Sa
Ind. 54,50,Sa
Ind. 54,60,Sa
Ind. 54,70,Sa
Ind. 54,80,Sa
Ind. 54,90,R
Ind. 54,100,R
Ind. 55,10,Sa
Ind. 55,20,Sa
Ind. 55,30,Sa
Ind. 55,40,Sa
Ind. 55,50,Sa
Ind. 55,60,Sa
Ind. 55,70,Sa
Ind. 55,80,Sa
Ind. 55,90,I
Ind. 55,100,I
Ind. 56,10,Sa
Ind. 56,20,Sa
Ind. 56,30,Sa
Ind. 56,40,I
Ind. 56,50,I
Ind. 56,60,R
Ind. 56,70,R
Ind. 56,80,R
Ind. 56,90,R
Ind. 56,100,R
Ind. 57,10,Sa
Ind. 57,20,Sa
Ind. 57,30,Sa
Ind. 57,40,Sa
Ind. 57,50,Sa
Ind. 57,60,Sa
Ind. 57,70,Sa
Ind. 57,80,Sa
Ind. 57,90,Sa
Ind. 57,100,Sa
Ind. 58,10,Sa
Ind. 58,20,Sa
Ind. 58,30,Sa
Ind. 58,40,Sa
Ind. 58,50,Sa
Ind. 58,60,Sa
Ind. 58,70,I
Ind. 58,80,I
Ind. 58,90,I
Ind. 58,100,I
Ind. 59,10,Sa
Ind. 59,20,Sa
Ind. 59,30,Sa
Ind. 59,40,I
Ind. 59,50,I
Ind. 59,60,I
Ind. 59,70,I
Ind. 59,80,R
Ind. 59,90,R
Ind. 59,100,R
Ind. 60,10,Sa
Ind. 60,20,Sa
Ind. 60,30,Sa
Ind. 60,40,Sa
Ind. 60,50,Sa
Ind. 60,60,Sa
Ind. 60,70,Sa
Ind. 60,80,Sa
Ind. 60,90,Sa
Ind. 60,100,Sa
Ind. 61,10,Sa
Ind. 61,20,Sa
Ind. 61,30,Sa
Ind. 61,40,Sa
Ind. 61,50,Sa
Ind. 61,60,Sa
Ind. 61,70,Sa
Ind. 61,80,Sa
Ind. 61,90,Sa
Ind. 61,100,Sa
Ind. 62,10,Sa
Ind. 62,20,Sa
Ind. 62,30,Sa
Ind. 62,40,I
Ind. 62,50,I
Ind. 62,60,I
Ind. 62,70,R
Ind. 62,80,R
Ind. 62,90,R
Ind. 62,100,R
Ind. 63,10,Sa
Ind. 63,20,Sa
Ind. 63,30,Sa
Ind. 63,40,Sa
Ind. 63,50,I
Ind. 63,60,I
Ind. 63,70,R
Ind. 63,80,R
Ind. 63,90,R
Ind. 63,100,R
Ind. 64,10,Sa
Ind. 64,20,Sa
Ind. 64,30,Sa
Ind. 64,40,I
Ind. 64,50,I
Ind. 64,60,I
Ind. 64,70,I
Ind. 64,80,I
Ind. 64,90,I
Ind. 64,100,I
Ind. 65,10,Sa
Ind. 65,20,Sa
Ind. 65,30,Sa
Ind. 65,40,Sa
Ind. 65,50,Sa
Ind. 65,60,Sa
Ind. 65,70,Sa
Ind. 65,80,Sa
Ind. 65,90,Sa
Ind. 65,100,Sa
Ind. 66,10,Sa
Ind. 66,20,Sa
Ind. 66,30,Sa
Ind. 66,40,Sa
Ind. 66,50,Sa
Ind. 66,60,Sa
Ind. 66,70,Sa
Ind. 66,80,Sa
Ind. 66,90,Sa
Ind. 66,100,Sa
Ind. 67,10,Sa
Ind. 67,20,Sa
Ind. 67,30,Sa
Ind. 67,40,Sa
Ind. 67,50,Sa
Ind. 67,60,Sa
Ind. 67,70,Sa
Ind. 67,80,Sa
Ind. 67,90,Sa
Ind. 67,100,Sa
Ind. 68,10,Sa
Ind. 68,20,Sa
Ind. 68,30,Sa
Ind. 68,40,Sa
Ind. 68,50,I
Ind. 68,60,I
Ind. 68,70,R
Ind. 68,80,R
Ind. 68,90,R
Ind. 68,100,R
Ind. 69,10,Sa
Ind. 69,20,Sa
Ind. 69,30,Sa
Ind. 69,40,Sa
Ind. 69,50,I
Ind. 69,60,I
Ind. 69,70,I
Ind. 69,80,I
Ind. 69,90,I
Ind. 69,100,R
Ind. 70,10,Sa
Ind. 70,20,Sa
Ind. 70,30,Sa
Ind. 70,40,Sa
Ind. 70,50,Sa
Ind. 70,60,Sa
Ind. 70,70,Sa
Ind. 70,80,Sa
Ind. 70,90,Sa
Ind. 70,100,Sa
Ind. 71,10,Sa
Ind. 71,20,Sa
Ind. 71,30,Sa
Ind. 71,40,Sa
Ind. 71,50,Sa
Ind. 71,60,Sa
Ind. 71,70,Sa
Ind. 71,80,Sa
Ind. 71,90,Sa
Ind. 71,100,Sa
Ind. 72,10,Sa
Ind. 72,20,Sa
Ind. 72,30,Sa
Ind. 72,40,Sa
Ind. 72,50,Sa
Ind. 72,60,I
Ind. 72,70,R
Ind. 72,80,R
Ind. 72,90,R
Ind. 72,100,R
Ind. 73,10,Sa
Ind. 73,20,Sa
Ind. 73,30,Sa
Ind. 73,40,Sa
Ind. 73,50,I
Ind. 73,60,R
Ind. 73,70,R
Ind. 73,80,R
Ind. 73,90,R
Ind. 73,100,R
Ind. 74,10,Sa
Ind. 74,20,Sa
Ind. 74,30,Sa
Ind. 74,40,Sa
Ind. 74,50,Sa
Ind. 74,60,I
Ind. 74,70,I
Ind. 74,80,R
Ind. 74,90,R
Ind. 74,100,R
Ind. 75,10,Sa
Ind. 75,20,Sa
Ind. 75,30,I
Ind. 75,40,I
Ind. 75,50,I
Ind. 75,60,R
Ind. 75,70,R
Ind. 75,80,R
Ind. 75,90,R
Ind. 75,100,R
Ind. 76,10,Sa
Ind. 76,20,Sa
Ind. 76,30,Sa
Ind. 76,40,I
Ind. 76,50,I
Ind. 76,60,I
Ind. 76,70,R
Ind. 76,80,R
Ind. 76,90,R
Ind. 76,100,R
Ind. 77,10,Sa
Ind. 77,20,Sa
Ind. 77,30,Sa
Ind. 77,40,Sa
Ind. 77,50,Sa
Ind. 77,60,Sa
Ind. 77,70,Sa
Ind. 77,80,Sa
Ind. 77,90,Sa
Ind. 77,100,Sa
Ind. 78,10,Sa
Ind. 78,20,Sa
Ind. 78,30,Sa
Ind. 78,40,Sa
Ind. 78,50,Sa
Ind. 78,60,Sa
Ind. 78,70,Sa
Ind. 78,80,Sa
Ind. 78,90,Sa
Ind. 78,100,Sa
Ind. 79,10,Sa
Ind. 79,20,Sa
Ind. 79,30,Sa
Ind. 79,40,Sa
Ind. 79,50,Sa
Ind. 79,60,I
Ind. 79,70,I
Ind. 79,80,I
Ind. 79,90,R
Ind. 79,100,R
Ind. 80,10,Sa
Ind. 80,20,Sa
Ind. 80,30,Sa
Ind. 80,40,Sa
Ind. 80,50,I
Ind. 80,60,R
Ind. 80,70,R
Ind. 80,80,R
Ind. 80,90,R
Ind. 80,100,R
Ind. 81,10,Sa
Ind. 81,20,Sa
Ind. 81,30,Sa
Ind. 81,40,I
Ind. 81,50,R
Ind. 81,60,R
Ind. 81,70,R
Ind. 81,80,R
Ind. 81,90,R
Ind. 81,100,R
Ind. 82,10,Sa
Ind. 82,20,Sa
Ind. 82,30,Sa
Ind. 82,40,Sa
Ind. 82,50,Sa
Ind. 82,60,Sa
Ind. 82,70,I
Ind. 82,80,I
Ind. 82,90,I
Ind. 82,100,I
Ind. 83,10,Sa
Ind. 83,20,Sa
Ind. 83,30,Sa
Ind. 83,40,Sa
Ind. 83,50,Sa
Ind. 83,60,Sa
Ind. 83,70,Sa
Ind. 83,80,Sa
Ind. 83,90,Sa
Ind. 83,100,Sa
Ind. 84,10,Sa
Ind. 84,20,Sa
Ind. 84,30,Sa
Ind. 84,40,Sa
Ind. 84,50,Sa
Ind. 84,60,R
Ind. 84,70,R
Ind. 84,80,R
Ind. 84,90,R
Ind. 84,100,R
Ind. 85,10,Sa
Ind. 85,20,Sa
Ind. 85,30,Sa
Ind. 85,40,Sa
Ind. 85,50,I
Ind. 85,60,I
Ind. 85,70,I
Ind. 85,80,R
Ind. 85,90,R
Ind. 85,100,R
Ind. 86,10,Sa
Ind. 86,20,Sa
Ind. 86,30,Sa
Ind. 86,40,Sa
Ind. 86,50,I
Ind. 86,60,I
Ind. 86,70,R
Ind. 86,80,R
Ind. 86,90,R
Ind. 86,100,R
Ind. 87,10,Sa
Ind. 87,20,Sa
Ind. 87,30,Sa
Ind. 87,40,Sa
Ind. 87,50,Sa
Ind. 87,60,Sa
Ind. 87,70,Sa
Ind. 87,80,Sa
Ind. 87,90,Sa
Ind. 87,100,Sa
Ind. 88,10,Sa
Ind. 88,20,Sa
Ind. 88,30,Sa
Ind. 88,40,Sa
Ind. 88,50,Sa
Ind. 88,60,Sa
Ind. 88,70,Sa
Ind. 88,80,I
Ind. 88,90,I
Ind. 88,100,R
Ind. 89,10,Sa
Ind. 89,20,Sa
Ind. 89,30,Sa
Ind. 89,40,Sa
Ind. 89,50,Sa
Ind. 89,60,Sa
Ind. 89,70,Sa
Ind. 89,80,Sa
Ind. 89,90,Sa
Ind. 89,100,Sa
Ind. 90,10,Sa
Ind. 90,20,Sa
Ind. 90,30,I
Ind. 90,40,I
Ind. 90,50,R
Ind. 90,60,R
Ind. 90,70,R
Ind. 90,80,R
Ind. 90,90,R
Ind. 90,100,R
Ind. 91,10,Sa
Ind. 91,20,Sa
Ind. 91,30,Sa
Ind. 91,40,Sa
Ind. 91,50,R
Ind. 91,60,R
Ind. 91,70,R
Ind. 91,80,R
Ind. 91,90,R
Ind. 91,100,R
Ind. 92,10,Sa
Ind. 92,20,Sa
Ind. 92,30,Sa
Ind. 92,40,Sa
Ind. 92,50,Sa
Ind. 92,60,R
Ind. 92,70,R
Ind. 92,80,R
Ind. 92,90,R
Ind. 92,100,R
Ind. 93,10,Sa
Ind. 93,20,Sa
Ind. 93,30,Sa
Ind. 93,40,Sa
Ind. 93,50,Sa
Ind. 93,60,Sa
Ind. 93,70,Sa
Ind. 93,80,Sa
Ind. 93,90,R
Ind. 93,100,R
Ind. 94,10,Sa
Ind. 94,20,Sa
Ind. 94,30,Sa
Ind. 94,40,R
Ind. 94,50,R
Ind. 94,60,R
Ind. 94,70,R
Ind. 94,80,R
Ind. 94,90,R
Ind. 94,100,R
Ind. 95,10,Sa
Ind. 95,20,Sa
Ind. 95,30,Sa
Ind. 95,40,Sa
Ind. 95,50,Sa
Ind. 95,60,Sa
Ind. 95,70,Sa
Ind. 95,80,I
Ind. 95,90,I
Ind. 95,100,I
Ind. 96,10,Sa
Ind. 96,20,Sa
Ind. 96,30,I
Ind. 96,40,R
Ind. 96,50,R
Ind. 96,60,R
Ind. 96,70,R
Ind. 96,80,R
Ind. 96,90,R
Ind. 96,100,R
Ind. 97,10,Sa
Ind. 97,20,Sa
Ind. 97,30,Sa
Ind. 97,40,Sa
Ind. 97,50,Sa
Ind. 97,60,Sa
Ind. 97,70,Sa
Ind. 97,80,Sa
Ind. 97,90,Sa
Ind. 97,100,Sa
Ind. 98,10,Sa
Ind. 98,20,Sa
Ind. 98,30,Sa
Ind. 98,40,I
Ind. 98,50,I
Ind. 98,60,I
Ind. 98,70,I
Ind. 98,80,I
Ind. 98,90,I
Ind. 98,100,I
Ind. 99,10,Sa
Ind. 99,20,Sa
Ind. 99,30,Sa
Ind. 99,40,Sa
Ind. 99,50,I
Ind. 99,60,I
Ind. 99,70,R
Ind. 99,80,R
Ind. 99,90,R
Ind. 99,100,R
Ind. 100,10,Sa
Ind. 100,20,Sa
Ind. 100,30,Sa
Ind. 100,40,Sa
Ind. 100,50,Sa
Ind. 100,60,I
Ind. 100,70,I
Ind. 100,80,I
Ind. 100,90,I
Ind. 100,100,R
Ind. 101,10,Sb
Ind. 101,20,I
Ind. 101,30,I
Ind. 101,40,R
Ind. 101,50,R
Ind. 101,60,R
Ind. 101,70,R
Ind. 101,80,R
Ind. 101,90,R
Ind. 101,100,R
Ind. 102,10,Sb
Ind. 102,20,Sb
Ind. 102,30,Sb
Ind. 102,40,I
Ind. 102,50,R
Ind. 102,60,R
Ind. 102,70,R
Ind. 102,80,R
Ind. 102,90,R
Ind. 102,100,R
Ind. 103,10,Sb
Ind. 103,20,Sb
Ind. 103,30,Sb
Ind. 103,40,R
Ind. 103,50,R
Ind. 103,60,R
Ind. 103,70,R
Ind. 103,80,R
Ind. 103,90,R
Ind. 103,100,R
Ind. 104,10,Sb
Ind. 104,20,Sb
Ind. 104,30,Sb
Ind. 104,40,Sb
Ind. 104,50,I
Ind. 104,60,I
Ind. 104,70,R
Ind. 104,80,R
Ind. 104,90,R
Ind. 104,100,R
Ind. 105,10,Sb
Ind. 105,20,Sb
Ind. 105,30,I
Ind. 105,40,I
Ind. 105,50,I
Ind. 105,60,I
Ind. 105,70,I
Ind. 105,80,R
Ind. 105,90,R
Ind. 105,100,R
Ind. 106,10,Sb
Ind. 106,20,Sb
Ind. 106,30,Sb
Ind. 106,40,Sb
Ind. 106,50,I
Ind. 106,60,I
Ind. 106,70,R
Ind. 106,80,R
Ind. 106,90,R
Ind. 106,100,R
Ind. 107,10,Sb
Ind. 107,20,Sb
Ind. 107,30,Sb
Ind. 107,40,I
Ind. 107,50,R
Ind. 107,60,R
Ind. 107,70,R
Ind. 107,80,R
Ind. 107,90,R
Ind. 107,100,R
Ind. 108,10,Sb
Ind. 108,20,Sb
Ind. 108,30,I
Ind. 108,40,I
Ind. 108,50,I
Ind. 108,60,R
Ind. 108,70,R
Ind. 108,80,R
Ind. 108,90,R
Ind. 108,100,R
Ind. 109,10,Sb
Ind. 109,20,Sb
Ind. 109,30,Sb
Ind. 109,40,I
Ind. 109,50,I
Ind. 109,60,I
Ind. 109,70,I
Ind. 109,80,I
Ind. 109,90,R
Ind. 109,100,R
Ind. 110,10,Sb
Ind. 110,20,Sb
Ind. 110,30,Sb
Ind. 110,40,Sb
Ind. 110,50,I
Ind. 110,60,I
Ind. 110,70,R
Ind. 110,80,R
Ind. 110,90,R
Ind. 110,100,R
Ind. 111,10,Sb
Ind. 111,20,I
Ind. 111,30,R
Ind. 111,40,R
Ind. 111,50,R
Ind. 111,60,R
Ind. 111,70,R
Ind. 111,80,R
Ind. 111,90,R
Ind. 111,100,R
Ind. 112,10,Sb
Ind. 112,20,Sb
Ind. 112,30,Sb
Ind. 112,40,I
Ind. 112,50,I
Ind. 112,60,I
Ind. 112,70,I
Ind. 112,80,R
Ind. 112,90,R
Ind. 112,100,R
Ind. 113,10,Sb
Ind. 113,20,Sb
Ind. 113,30,I
Ind. 113,40,I
Ind. 113,50,R
Ind. 113,60,R
Ind. 113,70,R
Ind. 113,80,R
Ind. 113,90,R
Ind. 113,100,R
Ind. 114,10,Sb
Ind. 114,20,Sb
Ind. 114,30,Sb
Ind. 114,40,Sb
Ind. 114,50,Sb
Ind. 114,60,Sb
Ind. 114,70,Sb
Ind. 114,80,I
Ind. 114,90,I
Ind. 114,100,I
Ind. 115,10,Sb
Ind. 115,20,Sb
Ind. 115,30,Sb
Ind. 115,40,R
Ind. 115,50,R
Ind. 115,60,R
Ind. 115,70,R
Ind. 115,80,R
Ind. 115,90,R
Ind. 115,100,R
Ind. 116,10,Sb
Ind. 116,20,Sb
Ind. 116,30,Sb
Ind. 116,40,I
Ind. 116,50,I
Ind. 116,60,I
Ind. 116,70,I
Ind. 116,80,I
Ind. 116,90,I
Ind. 116,100,R
Ind. 117,10,Sb
Ind. 117,20,I
Ind. 117,30,I
Ind. 117,40,I
Ind. 117,50,I
Ind. 117,60,I
Ind. 117,70,R
Ind. 117,80,R
Ind. 117,90,R
Ind. 117,100,R
Ind. 118,10,Sb
Ind. 118,20,I
Ind. 118,30,I
Ind. 118,40,R
Ind. 118,50,R
Ind. 118,60,R
Ind. 118,70,R
Ind. 118,80,R
Ind. 118,90,R
Ind. 118,100,R
Ind. 119,10,Sb
Ind. 119,20,Sb
Ind. 119,30,I
Ind. 119,40,R
Ind. 119,50,R
Ind. 119,60,R
Ind. 119,70,R
Ind. 119,80,R
Ind. 119,90,R
Ind. 119,100,R
Ind. 120,10,Sb
Ind. 120,20,Sb
Ind. 120,30,Sb
Ind. 120,40,Sb
Ind. 120,50,Sb
Ind. 120,60,I
Ind. 120,70,I
Ind. 120,80,I
Ind. 120,90,I
Ind. 120,100,I
Ind. 121,10,Sb
Ind. 121,20,Sb
Ind. 121,30,Sb
Ind. 121,40,I
Ind. 121,50,R
Ind. 121,60,R
Ind. 121,70,R
Ind. 121,80,R
Ind. 121,90,R
Ind. 121,100,R
Ind. 122,10,Sb
Ind. 122,20,I
Ind. 122,30,I
Ind. 122,40,I
Ind. 122,50,I
Ind. 122,60,I
Ind. 122,70,I
Ind. 122,80,I
Ind. 122,90,R
Ind. 122,100,R
Ind. 123,10,Sb
Ind. 123,20,Sb
Ind. 123,30,Sb
Ind. 123,40,R
Ind. 123,50,R
Ind. 123,60,R
Ind. 123,70,R
Ind. 123,80,R
Ind. 123,90,R
Ind. 123,100,R
Ind. 124,10,Sb
Ind. 124,20,Sb
Ind. 124,30,Sb
Ind. 124,40,Sb
Ind. 124,50,Sb
Ind. 124,60,I
Ind. 124,70,I
Ind. 124,80,I
Ind. 124,90,I
Ind. 124,100,I
Ind. 125,10,Sb
Ind. 125,20,Sb
Ind. 125,30,I
Ind. 125,40,I
Ind. 125,50,I
Ind. 125,60,R
Ind. 125,70,R
Ind. 125,80,R
Ind. 125,90,R
Ind. 125,100,R
Ind. 126,10,Sb
Ind. 126,20,Sb
Ind. 126,30,Sb
Ind. 126,40,Sb
Ind. 126,50,I
Ind. 126,60,I
Ind. 126,70,I
Ind. 126,80,I
Ind. 126,90,I
Ind. 126,100,I
Ind. 127,10,Sb
Ind. 127,20,Sb
Ind. 127,30,Sb
Ind. 127,40,Sb
Ind. 127,50,Sb
Ind. 127,60,R
Ind. 127,70,R
Ind. 127,80,R
Ind. 127,90,R
Ind. 127,100,R
Ind. 128,10,Sb
Ind. 128,20,Sb
Ind. 128,30,Sb
Ind. 128,40,Sb
Ind. 128,50,Sb
Ind. 128,60,Sb
Ind. 128,70,Sb
Ind. 128,80,Sb
Ind. 128,90,Sb
Ind. 128,100,I
Ind. 129,10,Sb
Ind. 129,20,Sb
Ind. 129,30,Sb
Ind. 129,40,Sb
Ind. 129,50,Sb
Ind. 129,60,I
Ind. 129,70,I
Ind. 129,80,I
Ind. 129,90,R
Ind. 129,100,R
Ind. 130,10,Sb
Ind. 130,20,Sb
Ind. 130,30,Sb
Ind. 130,40,I
Ind. 130,50,I
Ind. 130,60,I
Ind. 130,70,I
Ind. 130,80,R
Ind. 130,90,R
Ind. 130,100,R
Ind. 131,10,Sb
Ind. 131,20,Sb
Ind. 131,30,Sb
Ind. 131,40,I
Ind. 131,50,I
Ind. 131,60,R
Ind. 131,70,R
Ind. 131,80,R
Ind. 131,90,R
Ind. 131,100,R
Ind. 132,10,Sb
Ind. 132,20,Sb
Ind. 132,30,Sb
Ind. 132,40,R
Ind. 132,50,R
Ind. 132,60,R
Ind. 132,70,R
Ind. 132,80,R
Ind. 132,90,R
Ind. 132,100,R
Ind. 133,10,Sb
Ind. 133,20,Sb
Ind. 133,30,Sb
Ind. 133,40,I
Ind. 133,50,R
Ind. 133,60,R
Ind. 133,70,R
Ind. 133,80,R
Ind. 133,90,R
Ind. 133,100,R
Ind. 134,10,Sb
Ind. 134,20,I
Ind. 134,30,R
Ind. 134,40,R
Ind. 134,50,R
Ind. 134,60,R
Ind. 134,70,R
Ind. 134,80,R
Ind. 134,90,R
Ind. 134,100,R
Ind. 135,10,Sb
Ind. 135,20,Sb
Ind. 135,30,Sb
Ind. 135,40,I
Ind. 135,50,R
Ind. 135,60,R
Ind. 135,70,R
Ind. 135,80,R
Ind. 135,90,R
Ind. 135,100,R
Ind. 136,10,Sb
Ind. 136,20,Sb
Ind. 136,30,Sb
Ind. 136,40,R
Ind. 136,50,R
Ind. 136,60,R
Ind. 136,70,R
Ind. 136,80,R
Ind. 136,90,R
Ind. 136,100,R
Ind. 137,10,Sb
Ind. 137,20,Sb
Ind. 137,30,I
Ind. 137,40,R
Ind. 137,50,R
Ind. 137,60,R
Ind. 137,70,R
Ind. 137,80,R
Ind. 137,90,R
Ind. 137,100,R
Ind. 138,10,Sb
Ind. 138,20,Sb
Ind. 138,30,Sb
Ind. 138,40,I
Ind. 138,50,R
Ind. 138,60,R
Ind. 138,70,R
Ind. 138,80,R
Ind. 138,90,R
Ind. 138,100,R
Ind. 139,10,Sb
Ind. 139,20,Sb
Ind. 139,30,Sb
Ind. 139,40,I
Ind. 139,50,I
Ind. 139,60,R
Ind. 139,70,R
Ind. 139,80,R
Ind. 139,90,R
Ind. 139,100,R
Ind. 140,10,Sb
Ind. 140,20,Sb
Ind. 140,30,Sb
Ind. 140,40,I
Ind. 140,50,R
Ind. 140,60,R
Ind. 140,70,R
Ind. 140,80,R
Ind. 140,90,R
Ind. 140,100,R
Ind. 141,10,Sb
Ind. 141,20,I
Ind. 141,30,I
Ind. 141,40,R
Ind. 141,50,R
Ind. 141,60,R
Ind. 141,70,R
Ind. 141,80,R
Ind. 141,90,R
Ind. 141,100,R
Ind. 142,10,Sb
Ind. 142,20,Sb
Ind. 142,30,Sb
Ind. 142,40,I
Ind. 142,50,I
Ind. 142,60,R
Ind. 142,70,R
Ind. 142,80,R
Ind. 142,90,R
Ind. 142,100,R
Ind. 143,10,Sb
Ind. 143,20,Sb
Ind. 143,30,Sb
Ind. 143,40,Sb
Ind. 143,50,R
Ind. 143,60,R
Ind. 143,70,R
Ind. 143,80,R
Ind. 143,90,R
Ind. 143,100,R
Ind. 144,10,Sb
Ind. 144,20,Sb
Ind. 144,30,Sb
Ind. 144,40,Sb
Ind. 144,50,Sb
Ind. 144,60,R
Ind. 144,70,R
Ind. 144,80,R
Ind. 144,90,R
Ind. 144,100,R
Ind. 145,10,Sb
Ind. 145,20,Sb
Ind. 145,30,Sb
Ind. 145,40,I
Ind. 145,50,I
Ind. 145,60,R
Ind. 145,70,R
Ind. 145,80,R
Ind. 145,90,R
Ind. 145,100,R
Ind. 146,10,Sb
Ind. 146,20,Sb
Ind. 146,30,Sb
Ind. 146,40,R
Ind. 146,50,R
Ind. 146,60,R
Ind. 146,70,R
Ind. 146,80,R
Ind. 146,90,R
Ind. 146,100,R
Ind. 147,10,Sb
Ind. 147,20,Sb
Ind. 147,30,Sb
Ind. 147,40,I
Ind. 147,50,R
Ind. 147,60,R
Ind. 147,70,R
Ind. 147,80,R
Ind. 147,90,R
Ind. 147,100,R
Ind. 148,10,Sb
Ind. 148,20,Sb
Ind. 148,30,Sb
Ind. 148,40,Sb
Ind. 148,50,I
Ind. 148,60,I
Ind. 148,70,R
Ind. 148,80,R
Ind. 148,90,R
Ind. 148,100,R
Ind. 149,10,Sb
Ind. 149,20,Sb
Ind. 149,30,Sb
Ind. 149,40,I
Ind. 149,50,I
Ind. 149,60,I
Ind. 149,70,I
Ind. 149,80,R
Ind. 149,90,R
Ind. 149,100,R
Ind. 150,10,Sb
Ind. 150,20,Sb
Ind. 150,30,Sb
Ind. 150,40,Sb
Ind. 150,50,Sb
Ind. 150,60,I
Ind. 150,70,I
Ind. 150,80,I
Ind. 150,90,I
Ind. 150,100,R
Ind. 151,10,Sb
Ind. 151,20,Sb
Ind. 151,30,Sb
Ind. 151,40,Sb
Ind. 151,50,I
Ind. 151,60,I
Ind. 151,70,I
Ind. 151,80,I
Ind. 151,90,I
Ind. 151,100,R
Ind. 152,10,Sb
Ind. 152,20,Sb
Ind. 152,30,Sb
Ind. 152,40,R
Ind. 152,50,R
Ind. 152,60,R
Ind. 152,70,R
Ind. 152,80,R
Ind. 152,90,R
Ind. 152,100,R
Ind. 153,10,Sb
Ind. 153,20,I
Ind. 153,30,I
Ind. 153,40,R
Ind. 153,50,R
Ind. 153,60,R
Ind. 153,70,R
Ind. 153,80,R
Ind. 153,90,R
Ind. 153,100,R
Ind. 154,10,Sb
Ind. 154,20,Sb
Ind. 154,30,Sb
Ind. 154,40,Sb
Ind. 154,50,I
Ind. 154,60,R
Ind. 154,70,R
Ind. 154,80,R
Ind. 154,90,R
Ind. 154,100,R
Ind. 155,10,Sb
Ind. 155,20,Sb
Ind. 155,30,Sb
Ind. 155,40,Sb
Ind. 155,50,Sb
Ind. 155,60,Sb
Ind. 155,70,Sb
Ind. 155,80,I
Ind. 155,90,I
Ind. 155,100,R
Ind. 156,10,Sb
Ind. 156,20,Sb
Ind. 156,30,I
Ind. 156,40,I
Ind. 156,50,R
Ind. 156,60,R
Ind. 156,70,R
Ind. 156,80,R
Ind. 156,90,R
Ind. 156,100,R
Ind. 157,10,Sb
Ind. 157,20,Sb
Ind. 157,30,Sb
Ind. 157,40,R
Ind. 157,50,R
Ind. 157,60,R
Ind. 157,70,R
Ind. 157,80,R
Ind. 157,90,R
Ind. 157,100,R
Ind. 158,10,I
Ind. 158,20,I
Ind. 158,30,I
Ind. 158,40,R
Ind. 158,50,R
Ind. 158,60,R
Ind. 158,70,R
Ind. 158,80,R
Ind. 158,90,R
Ind. 158,100,R
Ind. 159,10,Sb
Ind. 159,20,Sb
Ind. 159,30,Sb
Ind. 159,40,Sb
Ind. 159,50,Sb
Ind. 159,60,R
Ind. 159,70,R
Ind. 159,80,R
Ind. 159,90,R
Ind. 159,100,R
Ind. 160,10,Sb
Ind. 160,20,Sb
Ind. 160,30,Sb
Ind. 160,40,R
Ind. 160,50,R
Ind. 160,60,R
Ind. 160,70,R
Ind. 160,80,R
Ind. 160,90,R
Ind. 160,100,R
Ind. 161,10,Sb
Ind. 161,20,Sb
Ind. 161,30,Sb
Ind. 161,40,I
Ind. 161,50,I
Ind. 161,60,R
Ind. 161,70,R
Ind. 161,80,R
Ind. 161,90,R
Ind. 161,100,R
Ind. 162,10,I
Ind. 162,20,R
Ind. 162,30,R
Ind. 162,40,R
Ind. 162,50,R
Ind. 162,60,R
Ind. 162,70,R
Ind. 162,80,R
Ind. 162,90,R
Ind. 162,100,R
Ind. 163,10,Sb
Ind. 163,20,Sb
Ind. 163,30,Sb
Ind. 163,40,I
Ind. 163,50,R
Ind. 163,60,R
Ind. 163,70,R
Ind. 163,80,R
Ind. 163,90,R
Ind. 163,100,R
Ind. 164,10,Sb
Ind. 164,20,Sb
Ind. 164,30,Sb
Ind. 164,40,I
Ind. 164,50,I
Ind. 164,60,I
Ind. 164,70,I
Ind. 164,80,I
Ind. 164,90,I
Ind. 164,100,I
Ind. 165,10,Sb
Ind. 165,20,Sb
Ind. 165,30,I
Ind. 165,40,R
Ind. 165,50,R
Ind. 165,60,R
Ind. 165,70,R
Ind. 165,80,R
Ind. 165,90,R
Ind. 165,100,R
Ind. 166,10,Sb
Ind. 166,20,Sb
Ind. 166,30,Sb
Ind. 166,40,Sb
Ind. 166,50,Sb
Ind. 166,60,R
Ind. 166,70,R
Ind. 166,80,R
Ind. 166,90,R
Ind. 166,100,R
Ind. 167,10,Sb
Ind. 167,20,I
Ind. 167,30,I
Ind. 167,40,I
Ind. 167,50,I
Ind. 167,60,I
Ind. 167,70,I
Ind. 167,80,R
Ind. 167,90,R
Ind. 167,100,R
Ind. 168,10,Sb
Ind. 168,20,Sb
Ind. 168,30,Sb
Ind. 168,40,Sb
Ind. 168,50,R
Ind. 168,60,R
Ind. 168,70,R
Ind. 168,80,R
Ind. 168,90,R
Ind. 168,100,R
Ind. 169,10,Sb
Ind. 169,20,Sb
Ind. 169,30,Sb
Ind. 169,40,Sb
Ind. 169,50,Sb
Ind. 169,60,I
Ind. 169,70,I
Ind. 169,80,R
Ind. 169,90,R
Ind. 169,100,R
Ind. 170,10,Sb
Ind. 170,20,I
Ind. 170,30,R
Ind. 170,40,R
Ind. 170,50,R
Ind. 170,60,R
Ind. 170,70,R
Ind. 170,80,R
Ind. 170,90,R
Ind. 170,100,R
Ind. 171,10,Sb
Ind. 171,20,Sb
Ind. 171,30,Sb
Ind. 171,40,Sb
Ind. 171,50,Sb
Ind. 171,60,R
Ind. 171,70,R
Ind. 171,80,R
Ind. 171,90,R
Ind. 171,100,R
Ind. 172,10,Sb
Ind. 172,20,Sb
Ind. 172,30,Sb
Ind. 172,40,I
Ind. 172,50,I
Ind. 172,60,I
Ind. 172,70,I
Ind. 172,80,I
Ind. 172,90,I
Ind. 172,100,I
Ind. 173,10,Sb
Ind. 173,20,Sb
Ind. 173,30,Sb
Ind. 173,40,I
Ind. 173,50,R
Ind. 173,60,R
Ind. 173,70,R
Ind. 173,80,R
Ind. 173,90,R
Ind. 173,100,R
Ind. 174,10,Sb
Ind. 174,20,Sb
Ind. 174,30,I
Ind. 174,40,R
Ind. 174,50,R
Ind. 174,60,R
Ind. 174,70,R
Ind. 174,80,R
Ind. 174,90,R
Ind. 174,100,R
Ind. 175,10,Sb
Ind. 175,20,Sb
Ind. 175,30,Sb
Ind. 175,40,Sb
Ind. 175,50,I
Ind. 175,60,R
Ind. 175,70,R
Ind. 175,80,R
Ind. 175,90,R
Ind. 175,100,R
Ind. 176,10,Sb
Ind. 176,20,Sb
Ind. 176,30,Sb
Ind. 176,40,Sb
Ind. 176,50,I
Ind. 176,60,R
Ind. 176,70,R
Ind. 176,80,R
Ind. 176,90,R
Ind. 176,100,R
Ind. 177,10,Sb
Ind. 177,20,Sb
Ind. 177,30,Sb
Ind. 177,40,Sb
Ind. 177,50,I
Ind. 177,60,I
Ind. 177,70,I
Ind. 177,80,I
Ind. 177,90,R
Ind. 177,100,R
Ind. 178,10,Sb
Ind. 178,20,Sb
Ind. 178,30,Sb
Ind. 178,40,Sb
Ind. 178,50,I
Ind. 178,60,R
Ind. 178,70,R
Ind. 178,80,R
Ind. 178,90,R
Ind. 178,100,R
Ind. 179,10,Sb
Ind. 179,20,Sb
Ind. 179,30,I
Ind. 179,40,I
Ind. 179,50,R
Ind. 179,60,R
Ind. 179,70,R
Ind. 179,80,R
Ind. 179,90,R
Ind. 179,100,R
Ind. 180,10,I
Ind. 180,20,I
Ind. 180,30,I
Ind. 180,40,I
Ind. 180,50,I
Ind. 180,60,I
Ind. 180,70,I
Ind. 180,80,I
Ind. 180,90,R
Ind. 180,100,R
Ind. 181,10,Sb
Ind. 181,20,Sb
Ind. 181,30,Sb
Ind. 181,40,I
Ind. 181,50,I
Ind. 181,60,I
Ind. 181,70,I
Ind. 181,80,I
Ind. 181,90,I
Ind. 181,100,I
Ind. 182,10,Sb
Ind. 182,20,Sb
Ind. 182,30,Sb
Ind. 182,40,Sb
Ind. 182,50,Sb
Ind. 182,60,R
Ind. 182,70,R
Ind. 182,80,R
Ind. 182,90,R
Ind. 182,100,R
Ind. 183,10,Sb
Ind. 183,20,Sb
Ind. 183,30,Sb
Ind. 183,40,Sb
Ind. 183,50,I
Ind. 183,60,I
Ind. 183,70,I
Ind. 183,80,R
Ind. 183,90,R
Ind. 183,100,R
Ind. 184,10,Sb
Ind. 184,20,Sb
Ind. 184,30,Sb
Ind. 184,40,I
Ind. 184,50,I
Ind. 184,60,I
Ind. 184,70,R
Ind. 184,80,R
Ind. 184,90,R
Ind. 184,100,R
Ind. 185,10,Sb
Ind. 185,20,Sb
Ind. 185,30,Sb
Ind. 185,40,I
Ind. 185,50,I
Ind. 185,60,R
Ind. 185,70,R
Ind. 185,80,R
Ind. 185,90,R
Ind. 185,100,R
Ind. 186,10,Sb
Ind. 186,20,Sb
Ind. 186,30,I
Ind. 186,40,R
Ind. 186,50,R
Ind. 186,60,R
Ind. 186,70,R
Ind. 186,80,R
Ind. 186,90,R
Ind. 186,100,R
Ind. 187,10,Sb
Ind. 187,20,Sb
Ind. 187,30,I
Ind. 187,40,I
Ind. 187,50,R
Ind. 187,60,R
Ind. 187,70,R
Ind. 187,80,R
Ind. 187,90,R
Ind. 187,100,R
Ind. 188,10,Sb
Ind. 188,20,Sb
Ind. 188,30,Sb
Ind. 188,40,R
Ind. 188,50,R
Ind. 188,60,R
Ind. 188,70,R
Ind. 188,80,R
Ind. 188,90,R
Ind. 188,100,R
Ind. 189,10,Sb
Ind. 189,20,Sb
Ind. 189,30,Sb
Ind. 189,40,I
Ind. 189,50,I
Ind. 189,60,I
Ind. 189,70,I
Ind. 189,80,R
Ind. 189,90,R
Ind. 189,100,R
Ind. 190,10,Sb
Ind. 190,20,Sb
Ind. 190,30,R
Ind. 190,40,R
Ind. 190,50,R
Ind. 190,60,R
Ind. 190,70,R
Ind. 190,80,R
Ind. 190,90,R
Ind. 190,100,R
Ind. 191,10,Sb
Ind. 191,20,Sb
Ind. 191,30,Sb
Ind. 191,40,R
Ind. 191,50,R
Ind. 191,60,R
Ind. 191,70,R
Ind. 191,80,R
Ind. 191,90,R
Ind. 191,100,R
Ind. 192,10,Sb
Ind. 192,20,Sb
Ind. 192,30,I
Ind. 192,40,R
Ind. 192,50,R
Ind. 192,60,R
Ind. 192,70,R
Ind. 192,80,R
Ind. 192,90,R
Ind. 192,100,R
Ind. 193,10,Sb
Ind. 193,20,Sb
Ind. 193,30,Sb
Ind. 193,40,I
Ind. 193,50,I
Ind. 193,60,R
Ind. 193,70,R
Ind. 193,80,R
Ind. 193,90,R
Ind. 193,100,R
Ind. 194,10,Sb
Ind. 194,20,Sb
Ind. 194,30,Sb
Ind. 194,40,Sb
Ind. 194,50,Sb
Ind. 194,60,Sb
Ind. 194,70,Sb
Ind. 194,80,Sb
Ind. 194,90,Sb
Ind. 194,100,Sb
Ind. 195,10,Sb
Ind. 195,20,Sb
Ind. 195,30,Sb
Ind. 195,40,I
Ind. 195,50,I
Ind. 195,60,R
Ind. 195,70,R
Ind. 195,80,R
Ind. 195,90,R
Ind. 195,100,R
Ind. 196,10,Sb
Ind. 196,20,Sb
Ind. 196,30,Sb
Ind. 196,40,Sb
Ind. 196,50,Sb
Ind. 196,60,Sb
Ind. 196,70,R
Ind. 196,80,R
Ind. 196,90,R
Ind. 196,100,R
Ind. 197,10,Sb
Ind. 197,20,Sb
Ind. 197,30,I
Ind. 197,40,I
Ind. 197,50,R
Ind. 197,60,R
Ind. 197,70,R
Ind. 197,80,R
Ind. 197,90,R
Ind. 197,100,R
Ind. 198,10,Sb
Ind. 198,20,Sb
Ind. 198,30,Sb
Ind. 198,40,Sb
Ind. 198,50,I
Ind. 198,60,I
Ind. 198,70,R
Ind. 198,80,R
Ind. 198,90,R
Ind. 198,100,R
Ind. 199,10,Sb
Ind. 199,20,Sb
Ind. 199,30,I
Ind. 199,40,R
Ind. 199,50,R
Ind. 199,60,R
Ind. 199,70,R
Ind. 199,80,R
Ind. 199,90,R
Ind. 199,100,R
Ind. 200,10,Sb
Ind. 200,20,Sb
Ind. 200,30,Sb
Ind. 200,40,R
Ind. 200,50,R
Ind. 200,60,R
Ind. 200,70,R
Ind. 200,80,R
Ind. 200,90,R
Ind. 200,100,R
Ind. 201,10,I
Ind. 201,20,I
Ind. 201,30,R
Ind. 201,40,R
Ind. 201,50,R
Ind. 201,60,R
Ind. 201,70,R
Ind. 201,80,R
Ind. 201,90,R
Ind. 201,100,R
