"ID","t","Presence"
"ind3_9",20,"No"
"ind3_9",40,"No"
"ind3_9",60,"No"
"ind3_9",80,"No"
"ind3_9",100,"No"
"ind4_9",20,"No"
"ind4_9",40,"No"
"ind4_9",60,"No"
"ind4_9",80,"No"
"ind4_9",100,"No"
"ind4_10",20,"No"
"ind4_10",40,"No"
"ind4_10",60,"No"
"ind4_10",80,"No"
"ind4_10",100,"No"
"ind4_13",20,"No"
"ind4_13",40,"No"
"ind4_13",60,"No"
"ind4_13",80,"No"
"ind4_13",100,"No"
"ind5_10",20,"No"
"ind5_10",40,"No"
"ind5_10",60,"No"
"ind5_10",80,"No"
"ind5_10",100,"No"
"ind5_11",20,"No"
"ind5_11",40,"No"
"ind5_11",60,"No"
"ind5_11",80,"No"
"ind5_11",100,"No"
"ind5_12",20,"No"
"ind5_12",40,"No"
"ind5_12",60,"No"
"ind5_12",80,"No"
"ind5_12",100,"No"
"ind5_13",20,"No"
"ind5_13",40,"No"
"ind5_13",60,"No"
"ind5_13",80,"No"
"ind5_13",100,"No"
"ind5_14",20,"No"
"ind5_14",40,"No"
"ind5_14",60,"No"
"ind5_14",80,"No"
"ind5_14",100,"No"
"ind6_11",20,"No"
"ind6_11",40,"No"
"ind6_11",60,"No"
"ind6_11",80,"No"
"ind6_11",100,"No"
"ind6_12",20,"No"
"ind6_12",40,"No"
"ind6_12",60,"No"
"ind6_12",80,"No"
"ind6_12",100,"No"
"ind6_13",20,"No"
"ind6_13",40,"No"
"ind6_13",60,"No"
"ind6_13",80,"No"
"ind6_13",100,"No"
"ind6_14",20,"No"
"ind6_14",40,"No"
"ind6_14",60,"No"
"ind6_14",80,"No"
"ind6_14",100,"No"
"ind6_15",20,"No"
"ind6_15",40,"No"
"ind6_15",60,"No"
"ind6_15",80,"No"
"ind6_15",100,"Yes"
"ind6_18",20,"No"
"ind6_18",40,"No"
"ind6_18",60,"No"
"ind6_18",80,"No"
"ind6_18",100,"No"
"ind6_19",20,"No"
"ind6_19",40,"No"
"ind6_19",60,"No"
"ind6_19",80,"No"
"ind6_19",100,"No"
"ind6_21",20,"No"
"ind6_21",40,"No"
"ind6_21",60,"No"
"ind6_21",80,"No"
"ind6_21",100,"Yes"
"ind6_22",20,"No"
"ind6_22",40,"No"
"ind6_22",60,"No"
"ind6_22",80,"No"
"ind6_22",100,"Yes"
"ind7_12",20,"No"
"ind7_12",40,"No"
"ind7_12",60,"No"
"ind7_12",80,"No"
"ind7_12",100,"No"
"ind7_13",20,"No"
"ind7_13",40,"No"
"ind7_13",60,"No"
"ind7_13",80,"No"
"ind7_13",100,"No"
"ind7_14",20,"No"
"ind7_14",40,"No"
"ind7_14",60,"No"
"ind7_14",80,"No"
"ind7_14",100,"No"
"ind7_15",20,"No"
"ind7_15",40,"No"
"ind7_15",60,"No"
"ind7_15",80,"No"
"ind7_15",100,"Yes"
"ind7_16",20,"No"
"ind7_16",40,"No"
"ind7_16",60,"No"
"ind7_16",80,"No"
"ind7_16",100,"Yes"
"ind7_17",20,"No"
"ind7_17",40,"No"
"ind7_17",60,"No"
"ind7_17",80,"No"
"ind7_17",100,"Yes"
"ind7_18",20,"No"
"ind7_18",40,"No"
"ind7_18",60,"No"
"ind7_18",80,"No"
"ind7_18",100,"No"
"ind7_19",20,"No"
"ind7_19",40,"No"
"ind7_19",60,"No"
"ind7_19",80,"No"
"ind7_19",100,"Yes"
"ind7_20",20,"No"
"ind7_20",40,"No"
"ind7_20",60,"No"
"ind7_20",80,"No"
"ind7_20",100,"Yes"
"ind7_21",20,"No"
"ind7_21",40,"No"
"ind7_21",60,"No"
"ind7_21",80,"No"
"ind7_21",100,"Yes"
"ind7_22",20,"No"
"ind7_22",40,"No"
"ind7_22",60,"No"
"ind7_22",80,"No"
"ind7_22",100,"Yes"
"ind7_23",20,"No"
"ind7_23",40,"No"
"ind7_23",60,"No"
"ind7_23",80,"No"
"ind7_23",100,"Yes"
"ind7_24",20,"No"
"ind7_24",40,"No"
"ind7_24",60,"No"
"ind7_24",80,"No"
"ind7_24",100,"Yes"
"ind7_25",20,"No"
"ind7_25",40,"No"
"ind7_25",60,"No"
"ind7_25",80,"No"
"ind7_25",100,"Yes"
"ind7_26",20,"No"
"ind7_26",40,"No"
"ind7_26",60,"No"
"ind7_26",80,"No"
"ind7_26",100,"Yes"
"ind7_27",20,"No"
"ind7_27",40,"No"
"ind7_27",60,"No"
"ind7_27",80,"No"
"ind7_27",100,"No"
"ind8_12",20,"No"
"ind8_12",40,"No"
"ind8_12",60,"No"
"ind8_12",80,"No"
"ind8_12",100,"No"
"ind8_13",20,"No"
"ind8_13",40,"No"
"ind8_13",60,"No"
"ind8_13",80,"No"
"ind8_13",100,"No"
"ind8_14",20,"No"
"ind8_14",40,"No"
"ind8_14",60,"No"
"ind8_14",80,"No"
"ind8_14",100,"No"
"ind8_15",20,"No"
"ind8_15",40,"No"
"ind8_15",60,"No"
"ind8_15",80,"No"
"ind8_15",100,"Yes"
"ind8_16",20,"No"
"ind8_16",40,"No"
"ind8_16",60,"No"
"ind8_16",80,"No"
"ind8_16",100,"Yes"
"ind8_17",20,"No"
"ind8_17",40,"No"
"ind8_17",60,"No"
"ind8_17",80,"No"
"ind8_17",100,"Yes"
"ind8_18",20,"No"
"ind8_18",40,"No"
"ind8_18",60,"No"
"ind8_18",80,"No"
"ind8_18",100,"Yes"
"ind8_19",20,"No"
"ind8_19",40,"No"
"ind8_19",60,"No"
"ind8_19",80,"Yes"
"ind8_19",100,"Yes"
"ind8_20",20,"No"
"ind8_20",40,"No"
"ind8_20",60,"No"
"ind8_20",80,"No"
"ind8_20",100,"Yes"
"ind8_21",20,"No"
"ind8_21",40,"No"
"ind8_21",60,"No"
"ind8_21",80,"No"
"ind8_21",100,"Yes"
"ind8_22",20,"No"
"ind8_22",40,"No"
"ind8_22",60,"No"
"ind8_22",80,"Yes"
"ind8_22",100,"Yes"
"ind8_23",20,"No"
"ind8_23",40,"No"
"ind8_23",60,"No"
"ind8_23",80,"No"
"ind8_23",100,"Yes"
"ind8_24",20,"No"
"ind8_24",40,"No"
"ind8_24",60,"No"
"ind8_24",80,"No"
"ind8_24",100,"Yes"
"ind8_25",20,"No"
"ind8_25",40,"No"
"ind8_25",60,"No"
"ind8_25",80,"Yes"
"ind8_25",100,"Yes"
"ind8_26",20,"No"
"ind8_26",40,"No"
"ind8_26",60,"No"
"ind8_26",80,"Yes"
"ind8_26",100,"Yes"
"ind8_27",20,"No"
"ind8_27",40,"No"
"ind8_27",60,"No"
"ind8_27",80,"Yes"
"ind8_27",100,"Yes"
"ind8_28",20,"No"
"ind8_28",40,"No"
"ind8_28",60,"No"
"ind8_28",80,"No"
"ind8_28",100,"Yes"
"ind9_13",20,"No"
"ind9_13",40,"No"
"ind9_13",60,"No"
"ind9_13",80,"No"
"ind9_13",100,"No"
"ind9_14",20,"No"
"ind9_14",40,"No"
"ind9_14",60,"No"
"ind9_14",80,"No"
"ind9_14",100,"Yes"
"ind9_16",20,"No"
"ind9_16",40,"No"
"ind9_16",60,"No"
"ind9_16",80,"No"
"ind9_16",100,"Yes"
"ind9_17",20,"No"
"ind9_17",40,"No"
"ind9_17",60,"No"
"ind9_17",80,"Yes"
"ind9_17",100,"Yes"
"ind9_18",20,"No"
"ind9_18",40,"No"
"ind9_18",60,"No"
"ind9_18",80,"Yes"
"ind9_18",100,"Yes"
"ind9_19",20,"No"
"ind9_19",40,"No"
"ind9_19",60,"No"
"ind9_19",80,"No"
"ind9_19",100,"Yes"
"ind9_20",20,"No"
"ind9_20",40,"No"
"ind9_20",60,"No"
"ind9_20",80,"Yes"
"ind9_20",100,"Yes"
"ind9_21",20,"No"
"ind9_21",40,"No"
"ind9_21",60,"No"
"ind9_21",80,"Yes"
"ind9_21",100,"Yes"
"ind9_22",20,"No"
"ind9_22",40,"No"
"ind9_22",60,"No"
"ind9_22",80,"No"
"ind9_22",100,"Yes"
"ind9_23",20,"No"
"ind9_23",40,"No"
"ind9_23",60,"No"
"ind9_23",80,"Yes"
"ind9_23",100,"Yes"
"ind9_24",20,"No"
"ind9_24",40,"No"
"ind9_24",60,"No"
"ind9_24",80,"Yes"
"ind9_24",100,"Yes"
"ind9_25",20,"No"
"ind9_25",40,"No"
"ind9_25",60,"No"
"ind9_25",80,"Yes"
"ind9_25",100,"Yes"
"ind9_26",20,"No"
"ind9_26",40,"No"
"ind9_26",60,"No"
"ind9_26",80,"No"
"ind9_26",100,"Yes"
"ind9_27",20,"No"
"ind9_27",40,"No"
"ind9_27",60,"No"
"ind9_27",80,"Yes"
"ind9_27",100,"Yes"
"ind9_28",20,"No"
"ind9_28",40,"No"
"ind9_28",60,"No"
"ind9_28",80,"No"
"ind9_28",100,"Yes"
"ind9_29",20,"No"
"ind9_29",40,"No"
"ind9_29",60,"No"
"ind9_29",80,"No"
"ind9_29",100,"Yes"
"ind9_30",20,"No"
"ind9_30",40,"No"
"ind9_30",60,"No"
"ind9_30",80,"Yes"
"ind9_30",100,"Yes"
"ind10_15",20,"No"
"ind10_15",40,"No"
"ind10_15",60,"No"
"ind10_15",80,"No"
"ind10_15",100,"Yes"
"ind10_16",20,"No"
"ind10_16",40,"No"
"ind10_16",60,"No"
"ind10_16",80,"Yes"
"ind10_16",100,"Yes"
"ind10_17",20,"No"
"ind10_17",40,"No"
"ind10_17",60,"No"
"ind10_17",80,"No"
"ind10_17",100,"Yes"
"ind10_18",20,"No"
"ind10_18",40,"No"
"ind10_18",60,"No"
"ind10_18",80,"No"
"ind10_18",100,"Yes"
"ind10_19",20,"No"
"ind10_19",40,"No"
"ind10_19",60,"No"
"ind10_19",80,"Yes"
"ind10_19",100,"Yes"
"ind10_20",20,"No"
"ind10_20",40,"No"
"ind10_20",60,"No"
"ind10_20",80,"Yes"
"ind10_20",100,"Yes"
"ind10_21",20,"No"
"ind10_21",40,"No"
"ind10_21",60,"No"
"ind10_21",80,"Yes"
"ind10_21",100,"Yes"
"ind10_22",20,"No"
"ind10_22",40,"No"
"ind10_22",60,"No"
"ind10_22",80,"Yes"
"ind10_22",100,"Yes"
"ind10_23",20,"No"
"ind10_23",40,"No"
"ind10_23",60,"No"
"ind10_23",80,"Yes"
"ind10_23",100,"Yes"
"ind10_24",20,"No"
"ind10_24",40,"No"
"ind10_24",60,"No"
"ind10_24",80,"Yes"
"ind10_24",100,"Yes"
"ind10_25",20,"No"
"ind10_25",40,"No"
"ind10_25",60,"No"
"ind10_25",80,"Yes"
"ind10_25",100,"Yes"
"ind10_26",20,"No"
"ind10_26",40,"No"
"ind10_26",60,"No"
"ind10_26",80,"No"
"ind10_26",100,"Yes"
"ind10_27",20,"No"
"ind10_27",40,"No"
"ind10_27",60,"No"
"ind10_27",80,"No"
"ind10_27",100,"Yes"
"ind10_28",20,"No"
"ind10_28",40,"No"
"ind10_28",60,"No"
"ind10_28",80,"Yes"
"ind10_28",100,"Yes"
"ind11_12",20,"No"
"ind11_12",40,"No"
"ind11_12",60,"No"
"ind11_12",80,"No"
"ind11_12",100,"No"
"ind11_14",20,"No"
"ind11_14",40,"No"
"ind11_14",60,"No"
"ind11_14",80,"Yes"
"ind11_14",100,"Yes"
"ind11_15",20,"No"
"ind11_15",40,"No"
"ind11_15",60,"No"
"ind11_15",80,"Yes"
"ind11_15",100,"Yes"
"ind11_16",20,"No"
"ind11_16",40,"No"
"ind11_16",60,"No"
"ind11_16",80,"Yes"
"ind11_16",100,"Yes"
"ind11_17",20,"No"
"ind11_17",40,"No"
"ind11_17",60,"No"
"ind11_17",80,"Yes"
"ind11_17",100,"Yes"
"ind11_18",20,"No"
"ind11_18",40,"No"
"ind11_18",60,"No"
"ind11_18",80,"Yes"
"ind11_18",100,"Yes"
"ind11_19",20,"No"
"ind11_19",40,"No"
"ind11_19",60,"Yes"
"ind11_19",80,"Yes"
"ind11_19",100,"Yes"
"ind11_20",20,"No"
"ind11_20",40,"No"
"ind11_20",60,"No"
"ind11_20",80,"Yes"
"ind11_20",100,"Yes"
"ind11_21",20,"No"
"ind11_21",40,"No"
"ind11_21",60,"No"
"ind11_21",80,"Yes"
"ind11_21",100,"Yes"
"ind11_22",20,"No"
"ind11_22",40,"No"
"ind11_22",60,"No"
"ind11_22",80,"Yes"
"ind11_22",100,"Yes"
"ind11_23",20,"No"
"ind11_23",40,"No"
"ind11_23",60,"No"
"ind11_23",80,"Yes"
"ind11_23",100,"Yes"
"ind11_24",20,"No"
"ind11_24",40,"No"
"ind11_24",60,"No"
"ind11_24",80,"Yes"
"ind11_24",100,"Yes"
"ind11_25",20,"No"
"ind11_25",40,"No"
"ind11_25",60,"No"
"ind11_25",80,"Yes"
"ind11_25",100,"Yes"
"ind11_26",20,"No"
"ind11_26",40,"No"
"ind11_26",60,"Yes"
"ind11_26",80,"Yes"
"ind11_26",100,"Yes"
"ind11_27",20,"No"
"ind11_27",40,"No"
"ind11_27",60,"Yes"
"ind11_27",80,"Yes"
"ind11_27",100,"Yes"
"ind11_28",20,"No"
"ind11_28",40,"No"
"ind11_28",60,"No"
"ind11_28",80,"Yes"
"ind11_28",100,"Yes"
"ind12_10",20,"No"
"ind12_10",40,"No"
"ind12_10",60,"No"
"ind12_10",80,"No"
"ind12_10",100,"No"
"ind12_11",20,"No"
"ind12_11",40,"No"
"ind12_11",60,"No"
"ind12_11",80,"No"
"ind12_11",100,"No"
"ind12_12",20,"No"
"ind12_12",40,"No"
"ind12_12",60,"No"
"ind12_12",80,"No"
"ind12_12",100,"No"
"ind12_13",20,"No"
"ind12_13",40,"No"
"ind12_13",60,"No"
"ind12_13",80,"No"
"ind12_13",100,"Yes"
"ind12_14",20,"No"
"ind12_14",40,"No"
"ind12_14",60,"No"
"ind12_14",80,"Yes"
"ind12_14",100,"Yes"
"ind12_15",20,"No"
"ind12_15",40,"No"
"ind12_15",60,"No"
"ind12_15",80,"Yes"
"ind12_15",100,"Yes"
"ind12_16",20,"No"
"ind12_16",40,"No"
"ind12_16",60,"Yes"
"ind12_16",80,"Yes"
"ind12_16",100,"Yes"
"ind12_17",20,"No"
"ind12_17",40,"No"
"ind12_17",60,"No"
"ind12_17",80,"Yes"
"ind12_17",100,"Yes"
"ind12_18",20,"No"
"ind12_18",40,"No"
"ind12_18",60,"No"
"ind12_18",80,"Yes"
"ind12_18",100,"Yes"
"ind12_19",20,"No"
"ind12_19",40,"No"
"ind12_19",60,"No"
"ind12_19",80,"Yes"
"ind12_19",100,"Yes"
"ind12_20",20,"No"
"ind12_20",40,"No"
"ind12_20",60,"No"
"ind12_20",80,"Yes"
"ind12_20",100,"Yes"
"ind12_21",20,"No"
"ind12_21",40,"No"
"ind12_21",60,"No"
"ind12_21",80,"Yes"
"ind12_21",100,"Yes"
"ind12_22",20,"No"
"ind12_22",40,"No"
"ind12_22",60,"No"
"ind12_22",80,"Yes"
"ind12_22",100,"Yes"
"ind12_23",20,"No"
"ind12_23",40,"No"
"ind12_23",60,"No"
"ind12_23",80,"Yes"
"ind12_23",100,"Yes"
"ind12_24",20,"No"
"ind12_24",40,"No"
"ind12_24",60,"No"
"ind12_24",80,"No"
"ind12_24",100,"Yes"
"ind12_25",20,"No"
"ind12_25",40,"No"
"ind12_25",60,"No"
"ind12_25",80,"Yes"
"ind12_25",100,"Yes"
"ind12_26",20,"No"
"ind12_26",40,"No"
"ind12_26",60,"No"
"ind12_26",80,"Yes"
"ind12_26",100,"Yes"
"ind12_27",20,"No"
"ind12_27",40,"No"
"ind12_27",60,"Yes"
"ind12_27",80,"Yes"
"ind12_27",100,"Yes"
"ind12_28",20,"No"
"ind12_28",40,"No"
"ind12_28",60,"No"
"ind12_28",80,"Yes"
"ind12_28",100,"Yes"
"ind13_9",20,"No"
"ind13_9",40,"No"
"ind13_9",60,"No"
"ind13_9",80,"No"
"ind13_9",100,"No"
"ind13_10",20,"No"
"ind13_10",40,"No"
"ind13_10",60,"No"
"ind13_10",80,"No"
"ind13_10",100,"No"
"ind13_11",20,"No"
"ind13_11",40,"No"
"ind13_11",60,"No"
"ind13_11",80,"No"
"ind13_11",100,"Yes"
"ind13_12",20,"No"
"ind13_12",40,"No"
"ind13_12",60,"No"
"ind13_12",80,"Yes"
"ind13_12",100,"Yes"
"ind13_13",20,"No"
"ind13_13",40,"No"
"ind13_13",60,"Yes"
"ind13_13",80,"Yes"
"ind13_13",100,"Yes"
"ind13_14",20,"No"
"ind13_14",40,"No"
"ind13_14",60,"Yes"
"ind13_14",80,"Yes"
"ind13_14",100,"Yes"
"ind13_15",20,"No"
"ind13_15",40,"No"
"ind13_15",60,"No"
"ind13_15",80,"Yes"
"ind13_15",100,"Yes"
"ind13_16",20,"No"
"ind13_16",40,"No"
"ind13_16",60,"No"
"ind13_16",80,"Yes"
"ind13_16",100,"Yes"
"ind13_17",20,"No"
"ind13_17",40,"No"
"ind13_17",60,"No"
"ind13_17",80,"Yes"
"ind13_17",100,"Yes"
"ind13_18",20,"No"
"ind13_18",40,"No"
"ind13_18",60,"Yes"
"ind13_18",80,"Yes"
"ind13_18",100,"Yes"
"ind13_19",20,"No"
"ind13_19",40,"No"
"ind13_19",60,"No"
"ind13_19",80,"Yes"
"ind13_19",100,"Yes"
"ind13_20",20,"No"
"ind13_20",40,"No"
"ind13_20",60,"Yes"
"ind13_20",80,"Yes"
"ind13_20",100,"Yes"
"ind13_21",20,"No"
"ind13_21",40,"No"
"ind13_21",60,"No"
"ind13_21",80,"Yes"
"ind13_21",100,"Yes"
"ind13_22",20,"No"
"ind13_22",40,"No"
"ind13_22",60,"Yes"
"ind13_22",80,"Yes"
"ind13_22",100,"Yes"
"ind13_23",20,"No"
"ind13_23",40,"No"
"ind13_23",60,"Yes"
"ind13_23",80,"Yes"
"ind13_23",100,"Yes"
"ind13_24",20,"No"
"ind13_24",40,"No"
"ind13_24",60,"No"
"ind13_24",80,"Yes"
"ind13_24",100,"Yes"
"ind13_25",20,"No"
"ind13_25",40,"No"
"ind13_25",60,"No"
"ind13_25",80,"Yes"
"ind13_25",100,"Yes"
"ind13_26",20,"No"
"ind13_26",40,"No"
"ind13_26",60,"No"
"ind13_26",80,"Yes"
"ind13_26",100,"Yes"
"ind13_27",20,"No"
"ind13_27",40,"No"
"ind13_27",60,"No"
"ind13_27",80,"Yes"
"ind13_27",100,"Yes"
"ind13_28",20,"No"
"ind13_28",40,"No"
"ind13_28",60,"No"
"ind13_28",80,"Yes"
"ind13_28",100,"Yes"
"ind13_29",20,"No"
"ind13_29",40,"No"
"ind13_29",60,"No"
"ind13_29",80,"Yes"
"ind13_29",100,"Yes"
"ind14_11",20,"No"
"ind14_11",40,"No"
"ind14_11",60,"No"
"ind14_11",80,"No"
"ind14_11",100,"Yes"
"ind14_12",20,"No"
"ind14_12",40,"No"
"ind14_12",60,"No"
"ind14_12",80,"No"
"ind14_12",100,"No"
"ind14_13",20,"No"
"ind14_13",40,"No"
"ind14_13",60,"No"
"ind14_13",80,"Yes"
"ind14_13",100,"Yes"
"ind14_14",20,"No"
"ind14_14",40,"No"
"ind14_14",60,"Yes"
"ind14_14",80,"Yes"
"ind14_14",100,"Yes"
"ind14_15",20,"No"
"ind14_15",40,"No"
"ind14_15",60,"No"
"ind14_15",80,"Yes"
"ind14_15",100,"Yes"
"ind14_16",20,"No"
"ind14_16",40,"No"
"ind14_16",60,"No"
"ind14_16",80,"No"
"ind14_16",100,"Yes"
"ind14_17",20,"No"
"ind14_17",40,"No"
"ind14_17",60,"No"
"ind14_17",80,"Yes"
"ind14_17",100,"Yes"
"ind14_18",20,"No"
"ind14_18",40,"No"
"ind14_18",60,"No"
"ind14_18",80,"Yes"
"ind14_18",100,"Yes"
"ind14_19",20,"No"
"ind14_19",40,"No"
"ind14_19",60,"No"
"ind14_19",80,"Yes"
"ind14_19",100,"Yes"
"ind14_20",20,"No"
"ind14_20",40,"No"
"ind14_20",60,"No"
"ind14_20",80,"Yes"
"ind14_20",100,"Yes"
"ind14_21",20,"No"
"ind14_21",40,"No"
"ind14_21",60,"Yes"
"ind14_21",80,"Yes"
"ind14_21",100,"Yes"
"ind14_22",20,"No"
"ind14_22",40,"No"
"ind14_22",60,"No"
"ind14_22",80,"Yes"
"ind14_22",100,"Yes"
"ind14_23",20,"No"
"ind14_23",40,"No"
"ind14_23",60,"Yes"
"ind14_23",80,"Yes"
"ind14_23",100,"Yes"
"ind14_24",20,"No"
"ind14_24",40,"No"
"ind14_24",60,"No"
"ind14_24",80,"Yes"
"ind14_24",100,"Yes"
"ind14_25",20,"No"
"ind14_25",40,"No"
"ind14_25",60,"No"
"ind14_25",80,"Yes"
"ind14_25",100,"Yes"
"ind14_26",20,"No"
"ind14_26",40,"No"
"ind14_26",60,"No"
"ind14_26",80,"Yes"
"ind14_26",100,"Yes"
"ind14_27",20,"No"
"ind14_27",40,"No"
"ind14_27",60,"No"
"ind14_27",80,"Yes"
"ind14_27",100,"Yes"
"ind14_28",20,"No"
"ind14_28",40,"No"
"ind14_28",60,"Yes"
"ind14_28",80,"Yes"
"ind14_28",100,"Yes"
"ind14_29",20,"No"
"ind14_29",40,"No"
"ind14_29",60,"No"
"ind14_29",80,"Yes"
"ind14_29",100,"Yes"
"ind14_30",20,"No"
"ind14_30",40,"No"
"ind14_30",60,"No"
"ind14_30",80,"Yes"
"ind14_30",100,"Yes"
"ind15_13",20,"No"
"ind15_13",40,"No"
"ind15_13",60,"No"
"ind15_13",80,"Yes"
"ind15_13",100,"Yes"
"ind15_14",20,"No"
"ind15_14",40,"No"
"ind15_14",60,"Yes"
"ind15_14",80,"Yes"
"ind15_14",100,"Yes"
"ind15_15",20,"No"
"ind15_15",40,"No"
"ind15_15",60,"Yes"
"ind15_15",80,"Yes"
"ind15_15",100,"Yes"
"ind15_16",20,"No"
"ind15_16",40,"No"
"ind15_16",60,"Yes"
"ind15_16",80,"Yes"
"ind15_16",100,"Yes"
"ind15_17",20,"No"
"ind15_17",40,"No"
"ind15_17",60,"Yes"
"ind15_17",80,"Yes"
"ind15_17",100,"Yes"
"ind15_18",20,"No"
"ind15_18",40,"No"
"ind15_18",60,"Yes"
"ind15_18",80,"Yes"
"ind15_18",100,"Yes"
"ind15_19",20,"No"
"ind15_19",40,"No"
"ind15_19",60,"Yes"
"ind15_19",80,"Yes"
"ind15_19",100,"Yes"
"ind15_20",20,"No"
"ind15_20",40,"No"
"ind15_20",60,"Yes"
"ind15_20",80,"Yes"
"ind15_20",100,"Yes"
"ind15_21",20,"No"
"ind15_21",40,"No"
"ind15_21",60,"No"
"ind15_21",80,"Yes"
"ind15_21",100,"Yes"
"ind15_22",20,"No"
"ind15_22",40,"No"
"ind15_22",60,"No"
"ind15_22",80,"Yes"
"ind15_22",100,"Yes"
"ind15_23",20,"No"
"ind15_23",40,"No"
"ind15_23",60,"No"
"ind15_23",80,"Yes"
"ind15_23",100,"Yes"
"ind15_24",20,"No"
"ind15_24",40,"No"
"ind15_24",60,"No"
"ind15_24",80,"Yes"
"ind15_24",100,"Yes"
"ind15_25",20,"No"
"ind15_25",40,"No"
"ind15_25",60,"Yes"
"ind15_25",80,"Yes"
"ind15_25",100,"Yes"
"ind15_26",20,"No"
"ind15_26",40,"No"
"ind15_26",60,"No"
"ind15_26",80,"Yes"
"ind15_26",100,"Yes"
"ind15_27",20,"No"
"ind15_27",40,"No"
"ind15_27",60,"No"
"ind15_27",80,"Yes"
"ind15_27",100,"Yes"
"ind15_28",20,"No"
"ind15_28",40,"No"
"ind15_28",60,"Yes"
"ind15_28",80,"Yes"
"ind15_28",100,"Yes"
"ind15_29",20,"No"
"ind15_29",40,"No"
"ind15_29",60,"Yes"
"ind15_29",80,"Yes"
"ind15_29",100,"Yes"
"ind15_30",20,"No"
"ind15_30",40,"No"
"ind15_30",60,"Yes"
"ind15_30",80,"Yes"
"ind15_30",100,"Yes"
"ind16_13",20,"No"
"ind16_13",40,"No"
"ind16_13",60,"Yes"
"ind16_13",80,"Yes"
"ind16_13",100,"Yes"
"ind16_14",20,"No"
"ind16_14",40,"No"
"ind16_14",60,"Yes"
"ind16_14",80,"Yes"
"ind16_14",100,"Yes"
"ind16_15",20,"No"
"ind16_15",40,"No"
"ind16_15",60,"Yes"
"ind16_15",80,"Yes"
"ind16_15",100,"Yes"
"ind16_16",20,"No"
"ind16_16",40,"No"
"ind16_16",60,"No"
"ind16_16",80,"Yes"
"ind16_16",100,"Yes"
"ind16_17",20,"No"
"ind16_17",40,"No"
"ind16_17",60,"Yes"
"ind16_17",80,"Yes"
"ind16_17",100,"Yes"
"ind16_18",20,"No"
"ind16_18",40,"No"
"ind16_18",60,"Yes"
"ind16_18",80,"Yes"
"ind16_18",100,"Yes"
"ind16_19",20,"No"
"ind16_19",40,"No"
"ind16_19",60,"Yes"
"ind16_19",80,"Yes"
"ind16_19",100,"Yes"
"ind16_20",20,"No"
"ind16_20",40,"No"
"ind16_20",60,"Yes"
"ind16_20",80,"Yes"
"ind16_20",100,"Yes"
"ind16_21",20,"No"
"ind16_21",40,"No"
"ind16_21",60,"No"
"ind16_21",80,"Yes"
"ind16_21",100,"Yes"
"ind16_22",20,"No"
"ind16_22",40,"No"
"ind16_22",60,"Yes"
"ind16_22",80,"Yes"
"ind16_22",100,"Yes"
"ind16_23",20,"No"
"ind16_23",40,"No"
"ind16_23",60,"Yes"
"ind16_23",80,"Yes"
"ind16_23",100,"Yes"
"ind16_24",20,"No"
"ind16_24",40,"No"
"ind16_24",60,"Yes"
"ind16_24",80,"Yes"
"ind16_24",100,"Yes"
"ind16_25",20,"No"
"ind16_25",40,"No"
"ind16_25",60,"Yes"
"ind16_25",80,"Yes"
"ind16_25",100,"Yes"
"ind16_26",20,"No"
"ind16_26",40,"No"
"ind16_26",60,"Yes"
"ind16_26",80,"Yes"
"ind16_26",100,"Yes"
"ind16_27",20,"No"
"ind16_27",40,"No"
"ind16_27",60,"Yes"
"ind16_27",80,"Yes"
"ind16_27",100,"Yes"
"ind16_28",20,"No"
"ind16_28",40,"No"
"ind16_28",60,"No"
"ind16_28",80,"Yes"
"ind16_28",100,"Yes"
"ind16_29",20,"No"
"ind16_29",40,"No"
"ind16_29",60,"Yes"
"ind16_29",80,"Yes"
"ind16_29",100,"Yes"
"ind16_30",20,"No"
"ind16_30",40,"No"
"ind16_30",60,"Yes"
"ind16_30",80,"Yes"
"ind16_30",100,"Yes"
"ind16_31",20,"No"
"ind16_31",40,"No"
"ind16_31",60,"Yes"
"ind16_31",80,"Yes"
"ind16_31",100,"Yes"
"ind17_13",20,"No"
"ind17_13",40,"No"
"ind17_13",60,"No"
"ind17_13",80,"Yes"
"ind17_13",100,"Yes"
"ind17_14",20,"No"
"ind17_14",40,"No"
"ind17_14",60,"Yes"
"ind17_14",80,"Yes"
"ind17_14",100,"Yes"
"ind17_15",20,"No"
"ind17_15",40,"No"
"ind17_15",60,"Yes"
"ind17_15",80,"Yes"
"ind17_15",100,"Yes"
"ind17_16",20,"No"
"ind17_16",40,"No"
"ind17_16",60,"Yes"
"ind17_16",80,"Yes"
"ind17_16",100,"Yes"
"ind17_17",20,"No"
"ind17_17",40,"No"
"ind17_17",60,"No"
"ind17_17",80,"Yes"
"ind17_17",100,"Yes"
"ind17_18",20,"No"
"ind17_18",40,"No"
"ind17_18",60,"Yes"
"ind17_18",80,"Yes"
"ind17_18",100,"Yes"
"ind17_19",20,"No"
"ind17_19",40,"Yes"
"ind17_19",60,"Yes"
"ind17_19",80,"Yes"
"ind17_19",100,"Yes"
"ind17_20",20,"No"
"ind17_20",40,"No"
"ind17_20",60,"Yes"
"ind17_20",80,"Yes"
"ind17_20",100,"Yes"
"ind17_21",20,"No"
"ind17_21",40,"Yes"
"ind17_21",60,"Yes"
"ind17_21",80,"Yes"
"ind17_21",100,"Yes"
"ind17_22",20,"No"
"ind17_22",40,"No"
"ind17_22",60,"Yes"
"ind17_22",80,"Yes"
"ind17_22",100,"Yes"
"ind17_23",20,"No"
"ind17_23",40,"No"
"ind17_23",60,"Yes"
"ind17_23",80,"Yes"
"ind17_23",100,"Yes"
"ind17_24",20,"No"
"ind17_24",40,"No"
"ind17_24",60,"Yes"
"ind17_24",80,"Yes"
"ind17_24",100,"Yes"
"ind17_25",20,"No"
"ind17_25",40,"No"
"ind17_25",60,"Yes"
"ind17_25",80,"Yes"
"ind17_25",100,"Yes"
"ind17_26",20,"No"
"ind17_26",40,"Yes"
"ind17_26",60,"Yes"
"ind17_26",80,"Yes"
"ind17_26",100,"Yes"
"ind17_27",20,"No"
"ind17_27",40,"No"
"ind17_27",60,"Yes"
"ind17_27",80,"Yes"
"ind17_27",100,"Yes"
"ind17_28",20,"No"
"ind17_28",40,"No"
"ind17_28",60,"No"
"ind17_28",80,"Yes"
"ind17_28",100,"Yes"
"ind17_29",20,"No"
"ind17_29",40,"No"
"ind17_29",60,"Yes"
"ind17_29",80,"Yes"
"ind17_29",100,"Yes"
"ind17_30",20,"No"
"ind17_30",40,"No"
"ind17_30",60,"Yes"
"ind17_30",80,"Yes"
"ind17_30",100,"Yes"
"ind17_31",20,"No"
"ind17_31",40,"No"
"ind17_31",60,"No"
"ind17_31",80,"Yes"
"ind17_31",100,"Yes"
"ind18_11",20,"No"
"ind18_11",40,"No"
"ind18_11",60,"No"
"ind18_11",80,"No"
"ind18_11",100,"Yes"
"ind18_13",20,"No"
"ind18_13",40,"No"
"ind18_13",60,"Yes"
"ind18_13",80,"Yes"
"ind18_13",100,"Yes"
"ind18_14",20,"No"
"ind18_14",40,"No"
"ind18_14",60,"Yes"
"ind18_14",80,"Yes"
"ind18_14",100,"Yes"
"ind18_15",20,"No"
"ind18_15",40,"Yes"
"ind18_15",60,"Yes"
"ind18_15",80,"Yes"
"ind18_15",100,"Yes"
"ind18_16",20,"No"
"ind18_16",40,"No"
"ind18_16",60,"Yes"
"ind18_16",80,"Yes"
"ind18_16",100,"Yes"
"ind18_17",20,"No"
"ind18_17",40,"No"
"ind18_17",60,"Yes"
"ind18_17",80,"Yes"
"ind18_17",100,"Yes"
"ind18_18",20,"No"
"ind18_18",40,"No"
"ind18_18",60,"Yes"
"ind18_18",80,"Yes"
"ind18_18",100,"Yes"
"ind18_19",20,"No"
"ind18_19",40,"Yes"
"ind18_19",60,"Yes"
"ind18_19",80,"Yes"
"ind18_19",100,"Yes"
"ind18_20",20,"No"
"ind18_20",40,"No"
"ind18_20",60,"Yes"
"ind18_20",80,"Yes"
"ind18_20",100,"Yes"
"ind18_21",20,"No"
"ind18_21",40,"No"
"ind18_21",60,"Yes"
"ind18_21",80,"Yes"
"ind18_21",100,"Yes"
"ind18_22",20,"No"
"ind18_22",40,"Yes"
"ind18_22",60,"Yes"
"ind18_22",80,"Yes"
"ind18_22",100,"Yes"
"ind18_23",20,"No"
"ind18_23",40,"No"
"ind18_23",60,"Yes"
"ind18_23",80,"Yes"
"ind18_23",100,"Yes"
"ind18_24",20,"No"
"ind18_24",40,"Yes"
"ind18_24",60,"Yes"
"ind18_24",80,"Yes"
"ind18_24",100,"Yes"
"ind18_25",20,"No"
"ind18_25",40,"No"
"ind18_25",60,"Yes"
"ind18_25",80,"Yes"
"ind18_25",100,"Yes"
"ind18_26",20,"No"
"ind18_26",40,"No"
"ind18_26",60,"Yes"
"ind18_26",80,"Yes"
"ind18_26",100,"Yes"
"ind18_27",20,"No"
"ind18_27",40,"No"
"ind18_27",60,"Yes"
"ind18_27",80,"Yes"
"ind18_27",100,"Yes"
"ind18_28",20,"No"
"ind18_28",40,"No"
"ind18_28",60,"Yes"
"ind18_28",80,"Yes"
"ind18_28",100,"Yes"
"ind18_29",20,"No"
"ind18_29",40,"No"
"ind18_29",60,"Yes"
"ind18_29",80,"Yes"
"ind18_29",100,"Yes"
"ind18_30",20,"No"
"ind18_30",40,"No"
"ind18_30",60,"No"
"ind18_30",80,"Yes"
"ind18_30",100,"Yes"
"ind19_12",20,"No"
"ind19_12",40,"No"
"ind19_12",60,"No"
"ind19_12",80,"Yes"
"ind19_12",100,"Yes"
"ind19_13",20,"No"
"ind19_13",40,"No"
"ind19_13",60,"No"
"ind19_13",80,"Yes"
"ind19_13",100,"Yes"
"ind19_14",20,"No"
"ind19_14",40,"No"
"ind19_14",60,"No"
"ind19_14",80,"Yes"
"ind19_14",100,"Yes"
"ind19_15",20,"No"
"ind19_15",40,"Yes"
"ind19_15",60,"Yes"
"ind19_15",80,"Yes"
"ind19_15",100,"Yes"
"ind19_16",20,"No"
"ind19_16",40,"No"
"ind19_16",60,"No"
"ind19_16",80,"Yes"
"ind19_16",100,"Yes"
"ind19_17",20,"No"
"ind19_17",40,"Yes"
"ind19_17",60,"Yes"
"ind19_17",80,"Yes"
"ind19_17",100,"Yes"
"ind19_18",20,"No"
"ind19_18",40,"Yes"
"ind19_18",60,"Yes"
"ind19_18",80,"Yes"
"ind19_18",100,"Yes"
"ind19_19",20,"No"
"ind19_19",40,"Yes"
"ind19_19",60,"Yes"
"ind19_19",80,"Yes"
"ind19_19",100,"Yes"
"ind19_20",20,"No"
"ind19_20",40,"Yes"
"ind19_20",60,"Yes"
"ind19_20",80,"Yes"
"ind19_20",100,"Yes"
"ind19_21",20,"No"
"ind19_21",40,"No"
"ind19_21",60,"Yes"
"ind19_21",80,"Yes"
"ind19_21",100,"Yes"
"ind19_22",20,"No"
"ind19_22",40,"No"
"ind19_22",60,"Yes"
"ind19_22",80,"Yes"
"ind19_22",100,"Yes"
"ind19_23",20,"No"
"ind19_23",40,"No"
"ind19_23",60,"Yes"
"ind19_23",80,"Yes"
"ind19_23",100,"Yes"
"ind19_24",20,"No"
"ind19_24",40,"No"
"ind19_24",60,"Yes"
"ind19_24",80,"Yes"
"ind19_24",100,"Yes"
"ind19_25",20,"No"
"ind19_25",40,"Yes"
"ind19_25",60,"Yes"
"ind19_25",80,"Yes"
"ind19_25",100,"Yes"
"ind19_26",20,"No"
"ind19_26",40,"No"
"ind19_26",60,"No"
"ind19_26",80,"Yes"
"ind19_26",100,"Yes"
"ind20_12",20,"No"
"ind20_12",40,"No"
"ind20_12",60,"No"
"ind20_12",80,"Yes"
"ind20_12",100,"Yes"
"ind20_13",20,"No"
"ind20_13",40,"No"
"ind20_13",60,"No"
"ind20_13",80,"Yes"
"ind20_13",100,"Yes"
"ind20_14",20,"No"
"ind20_14",40,"No"
"ind20_14",60,"Yes"
"ind20_14",80,"Yes"
"ind20_14",100,"Yes"
"ind20_15",20,"No"
"ind20_15",40,"Yes"
"ind20_15",60,"Yes"
"ind20_15",80,"Yes"
"ind20_15",100,"Yes"
"ind20_16",20,"No"
"ind20_16",40,"No"
"ind20_16",60,"No"
"ind20_16",80,"Yes"
"ind20_16",100,"Yes"
"ind20_17",20,"No"
"ind20_17",40,"Yes"
"ind20_17",60,"Yes"
"ind20_17",80,"Yes"
"ind20_17",100,"Yes"
"ind20_18",20,"No"
"ind20_18",40,"No"
"ind20_18",60,"Yes"
"ind20_18",80,"Yes"
"ind20_18",100,"Yes"
"ind20_19",20,"No"
"ind20_19",40,"Yes"
"ind20_19",60,"Yes"
"ind20_19",80,"Yes"
"ind20_19",100,"Yes"
"ind20_20",20,"No"
"ind20_20",40,"Yes"
"ind20_20",60,"Yes"
"ind20_20",80,"Yes"
"ind20_20",100,"Yes"
"ind20_21",20,"No"
"ind20_21",40,"No"
"ind20_21",60,"Yes"
"ind20_21",80,"Yes"
"ind20_21",100,"Yes"
"ind20_22",20,"No"
"ind20_22",40,"Yes"
"ind20_22",60,"Yes"
"ind20_22",80,"Yes"
"ind20_22",100,"Yes"
"ind20_23",20,"No"
"ind20_23",40,"Yes"
"ind20_23",60,"Yes"
"ind20_23",80,"Yes"
"ind20_23",100,"Yes"
"ind20_24",20,"No"
"ind20_24",40,"No"
"ind20_24",60,"Yes"
"ind20_24",80,"Yes"
"ind20_24",100,"Yes"
"ind20_25",20,"No"
"ind20_25",40,"No"
"ind20_25",60,"Yes"
"ind20_25",80,"Yes"
"ind20_25",100,"Yes"
"ind20_26",20,"No"
"ind20_26",40,"Yes"
"ind20_26",60,"Yes"
"ind20_26",80,"Yes"
"ind20_26",100,"Yes"
"ind21_11",20,"No"
"ind21_11",40,"No"
"ind21_11",60,"No"
"ind21_11",80,"Yes"
"ind21_11",100,"Yes"
"ind21_16",20,"No"
"ind21_16",40,"No"
"ind21_16",60,"Yes"
"ind21_16",80,"Yes"
"ind21_16",100,"Yes"
"ind21_17",20,"No"
"ind21_17",40,"Yes"
"ind21_17",60,"Yes"
"ind21_17",80,"Yes"
"ind21_17",100,"Yes"
"ind21_18",20,"No"
"ind21_18",40,"Yes"
"ind21_18",60,"Yes"
"ind21_18",80,"Yes"
"ind21_18",100,"Yes"
"ind21_19",20,"No"
"ind21_19",40,"Yes"
"ind21_19",60,"Yes"
"ind21_19",80,"Yes"
"ind21_19",100,"Yes"
"ind21_20",20,"No"
"ind21_20",40,"No"
"ind21_20",60,"Yes"
"ind21_20",80,"Yes"
"ind21_20",100,"Yes"
"ind21_21",20,"No"
"ind21_21",40,"Yes"
"ind21_21",60,"Yes"
"ind21_21",80,"Yes"
"ind21_21",100,"Yes"
"ind21_22",20,"No"
"ind21_22",40,"Yes"
"ind21_22",60,"Yes"
"ind21_22",80,"Yes"
"ind21_22",100,"Yes"
"ind21_23",20,"No"
"ind21_23",40,"Yes"
"ind21_23",60,"Yes"
"ind21_23",80,"Yes"
"ind21_23",100,"Yes"
"ind21_24",20,"No"
"ind21_24",40,"No"
"ind21_24",60,"Yes"
"ind21_24",80,"Yes"
"ind21_24",100,"Yes"
"ind21_25",20,"No"
"ind21_25",40,"No"
"ind21_25",60,"No"
"ind21_25",80,"Yes"
"ind21_25",100,"Yes"
"ind21_26",20,"No"
"ind21_26",40,"Yes"
"ind21_26",60,"Yes"
"ind21_26",80,"Yes"
"ind21_26",100,"Yes"
"ind22_16",20,"No"
"ind22_16",40,"Yes"
"ind22_16",60,"Yes"
"ind22_16",80,"Yes"
"ind22_16",100,"Yes"
"ind22_17",20,"No"
"ind22_17",40,"Yes"
"ind22_17",60,"Yes"
"ind22_17",80,"Yes"
"ind22_17",100,"Yes"
"ind22_18",20,"Yes"
"ind22_18",40,"Yes"
"ind22_18",60,"Yes"
"ind22_18",80,"Yes"
"ind22_18",100,"Yes"
"ind22_19",20,"No"
"ind22_19",40,"Yes"
"ind22_19",60,"Yes"
"ind22_19",80,"Yes"
"ind22_19",100,"Yes"
"ind22_20",20,"No"
"ind22_20",40,"Yes"
"ind22_20",60,"Yes"
"ind22_20",80,"Yes"
"ind22_20",100,"Yes"
"ind22_21",20,"No"
"ind22_21",40,"Yes"
"ind22_21",60,"Yes"
"ind22_21",80,"Yes"
"ind22_21",100,"Yes"
"ind22_22",20,"No"
"ind22_22",40,"No"
"ind22_22",60,"Yes"
"ind22_22",80,"Yes"
"ind22_22",100,"Yes"
"ind22_23",20,"No"
"ind22_23",40,"No"
"ind22_23",60,"Yes"
"ind22_23",80,"Yes"
"ind22_23",100,"Yes"
"ind22_24",20,"No"
"ind22_24",40,"No"
"ind22_24",60,"No"
"ind22_24",80,"Yes"
"ind22_24",100,"Yes"
"ind22_25",20,"No"
"ind22_25",40,"Yes"
"ind22_25",60,"Yes"
"ind22_25",80,"Yes"
"ind22_25",100,"Yes"
"ind22_26",20,"No"
"ind22_26",40,"No"
"ind22_26",60,"Yes"
"ind22_26",80,"Yes"
"ind22_26",100,"Yes"
"ind23_16",20,"No"
"ind23_16",40,"Yes"
"ind23_16",60,"Yes"
"ind23_16",80,"Yes"
"ind23_16",100,"Yes"
"ind23_17",20,"Yes"
"ind23_17",40,"Yes"
"ind23_17",60,"Yes"
"ind23_17",80,"Yes"
"ind23_17",100,"Yes"
"ind23_18",20,"No"
"ind23_18",40,"Yes"
"ind23_18",60,"Yes"
"ind23_18",80,"Yes"
"ind23_18",100,"Yes"
"ind23_19",20,"Yes"
"ind23_19",40,"Yes"
"ind23_19",60,"Yes"
"ind23_19",80,"Yes"
"ind23_19",100,"Yes"
"ind23_20",20,"No"
"ind23_20",40,"Yes"
"ind23_20",60,"Yes"
"ind23_20",80,"Yes"
"ind23_20",100,"Yes"
"ind23_21",20,"No"
"ind23_21",40,"Yes"
"ind23_21",60,"Yes"
"ind23_21",80,"Yes"
"ind23_21",100,"Yes"
"ind23_22",20,"No"
"ind23_22",40,"Yes"
"ind23_22",60,"Yes"
"ind23_22",80,"Yes"
"ind23_22",100,"Yes"
"ind23_23",20,"No"
"ind23_23",40,"Yes"
"ind23_23",60,"Yes"
"ind23_23",80,"Yes"
"ind23_23",100,"Yes"
"ind23_24",20,"No"
"ind23_24",40,"No"
"ind23_24",60,"Yes"
"ind23_24",80,"Yes"
"ind23_24",100,"Yes"
"ind23_25",20,"No"
"ind23_25",40,"Yes"
"ind23_25",60,"Yes"
"ind23_25",80,"Yes"
"ind23_25",100,"Yes"
"ind24_16",20,"No"
"ind24_16",40,"Yes"
"ind24_16",60,"Yes"
"ind24_16",80,"Yes"
"ind24_16",100,"Yes"
"ind24_17",20,"No"
"ind24_17",40,"Yes"
"ind24_17",60,"Yes"
"ind24_17",80,"Yes"
"ind24_17",100,"Yes"
"ind24_18",20,"No"
"ind24_18",40,"Yes"
"ind24_18",60,"Yes"
"ind24_18",80,"Yes"
"ind24_18",100,"Yes"
"ind24_19",20,"No"
"ind24_19",40,"Yes"
"ind24_19",60,"Yes"
"ind24_19",80,"Yes"
"ind24_19",100,"Yes"
"ind24_20",20,"No"
"ind24_20",40,"Yes"
"ind24_20",60,"Yes"
"ind24_20",80,"Yes"
"ind24_20",100,"Yes"
"ind24_21",20,"No"
"ind24_21",40,"Yes"
"ind24_21",60,"Yes"
"ind24_21",80,"Yes"
"ind24_21",100,"Yes"
"ind24_22",20,"No"
"ind24_22",40,"Yes"
"ind24_22",60,"Yes"
"ind24_22",80,"Yes"
"ind24_22",100,"Yes"
"ind24_23",20,"No"
"ind24_23",40,"Yes"
"ind24_23",60,"Yes"
"ind24_23",80,"Yes"
"ind24_23",100,"Yes"
"ind24_24",20,"No"
"ind24_24",40,"Yes"
"ind24_24",60,"Yes"
"ind24_24",80,"Yes"
"ind24_24",100,"Yes"
"ind24_25",20,"No"
"ind24_25",40,"Yes"
"ind24_25",60,"Yes"
"ind24_25",80,"Yes"
"ind24_25",100,"Yes"
"ind25_16",20,"No"
"ind25_16",40,"Yes"
"ind25_16",60,"Yes"
"ind25_16",80,"Yes"
"ind25_16",100,"Yes"
"ind25_17",20,"Yes"
"ind25_17",40,"Yes"
"ind25_17",60,"Yes"
"ind25_17",80,"Yes"
"ind25_17",100,"Yes"
"ind25_18",20,"Yes"
"ind25_18",40,"Yes"
"ind25_18",60,"Yes"
"ind25_18",80,"Yes"
"ind25_18",100,"Yes"
"ind25_19",20,"Yes"
"ind25_19",40,"Yes"
"ind25_19",60,"Yes"
"ind25_19",80,"Yes"
"ind25_19",100,"Yes"
"ind25_20",20,"No"
"ind25_20",40,"Yes"
"ind25_20",60,"Yes"
"ind25_20",80,"Yes"
"ind25_20",100,"Yes"
"ind25_21",20,"No"
"ind25_21",40,"Yes"
"ind25_21",60,"Yes"
"ind25_21",80,"Yes"
"ind25_21",100,"Yes"
"ind25_22",20,"No"
"ind25_22",40,"Yes"
"ind25_22",60,"Yes"
"ind25_22",80,"Yes"
"ind25_22",100,"Yes"
"ind25_23",20,"No"
"ind25_23",40,"Yes"
"ind25_23",60,"Yes"
"ind25_23",80,"Yes"
"ind25_23",100,"Yes"
"ind25_24",20,"No"
"ind25_24",40,"Yes"
"ind25_24",60,"Yes"
"ind25_24",80,"Yes"
"ind25_24",100,"Yes"
"ind25_25",20,"No"
"ind25_25",40,"Yes"
"ind25_25",60,"Yes"
"ind25_25",80,"Yes"
"ind25_25",100,"Yes"
"ind26_15",20,"Yes"
"ind26_15",40,"Yes"
"ind26_15",60,"Yes"
"ind26_15",80,"Yes"
"ind26_15",100,"Yes"
"ind26_16",20,"No"
"ind26_16",40,"Yes"
"ind26_16",60,"Yes"
"ind26_16",80,"Yes"
"ind26_16",100,"Yes"
"ind26_17",20,"Yes"
"ind26_17",40,"Yes"
"ind26_17",60,"Yes"
"ind26_17",80,"Yes"
"ind26_17",100,"Yes"
"ind26_18",20,"Yes"
"ind26_18",40,"Yes"
"ind26_18",60,"Yes"
"ind26_18",80,"Yes"
"ind26_18",100,"Yes"
"ind26_19",20,"Yes"
"ind26_19",40,"Yes"
"ind26_19",60,"Yes"
"ind26_19",80,"Yes"
"ind26_19",100,"Yes"
"ind26_20",20,"No"
"ind26_20",40,"Yes"
"ind26_20",60,"Yes"
"ind26_20",80,"Yes"
"ind26_20",100,"Yes"
"ind26_21",20,"No"
"ind26_21",40,"Yes"
"ind26_21",60,"Yes"
"ind26_21",80,"Yes"
"ind26_21",100,"Yes"
"ind26_22",20,"No"
"ind26_22",40,"Yes"
"ind26_22",60,"Yes"
"ind26_22",80,"Yes"
"ind26_22",100,"Yes"
"ind26_23",20,"No"
"ind26_23",40,"Yes"
"ind26_23",60,"Yes"
"ind26_23",80,"Yes"
"ind26_23",100,"Yes"
"ind26_24",20,"No"
"ind26_24",40,"Yes"
"ind26_24",60,"Yes"
"ind26_24",80,"Yes"
"ind26_24",100,"Yes"
"ind27_14",20,"No"
"ind27_14",40,"No"
"ind27_14",60,"Yes"
"ind27_14",80,"Yes"
"ind27_14",100,"Yes"
"ind27_15",20,"Yes"
"ind27_15",40,"Yes"
"ind27_15",60,"Yes"
"ind27_15",80,"Yes"
"ind27_15",100,"Yes"
"ind27_16",20,"Yes"
"ind27_16",40,"Yes"
"ind27_16",60,"Yes"
"ind27_16",80,"Yes"
"ind27_16",100,"Yes"
"ind27_17",20,"Yes"
"ind27_17",40,"Yes"
"ind27_17",60,"Yes"
"ind27_17",80,"Yes"
"ind27_17",100,"Yes"
"ind27_18",20,"No"
"ind27_18",40,"Yes"
"ind27_18",60,"Yes"
"ind27_18",80,"Yes"
"ind27_18",100,"Yes"
"ind27_19",20,"No"
"ind27_19",40,"Yes"
"ind27_19",60,"Yes"
"ind27_19",80,"Yes"
"ind27_19",100,"Yes"
"ind27_20",20,"No"
"ind27_20",40,"No"
"ind27_20",60,"Yes"
"ind27_20",80,"Yes"
"ind27_20",100,"Yes"
"ind27_21",20,"No"
"ind27_21",40,"Yes"
"ind27_21",60,"Yes"
"ind27_21",80,"Yes"
"ind27_21",100,"Yes"
"ind27_22",20,"No"
"ind27_22",40,"Yes"
"ind27_22",60,"Yes"
"ind27_22",80,"Yes"
"ind27_22",100,"Yes"
"ind27_23",20,"No"
"ind27_23",40,"No"
"ind27_23",60,"Yes"
"ind27_23",80,"Yes"
"ind27_23",100,"Yes"
"ind28_10",20,"No"
"ind28_10",40,"No"
"ind28_10",60,"Yes"
"ind28_10",80,"Yes"
"ind28_10",100,"Yes"
"ind28_15",20,"Yes"
"ind28_15",40,"Yes"
"ind28_15",60,"Yes"
"ind28_15",80,"Yes"
"ind28_15",100,"Yes"
"ind28_16",20,"Yes"
"ind28_16",40,"Yes"
"ind28_16",60,"Yes"
"ind28_16",80,"Yes"
"ind28_16",100,"Yes"
"ind28_17",20,"No"
"ind28_17",40,"Yes"
"ind28_17",60,"Yes"
"ind28_17",80,"Yes"
"ind28_17",100,"Yes"
"ind28_18",20,"No"
"ind28_18",40,"Yes"
"ind28_18",60,"Yes"
"ind28_18",80,"Yes"
"ind28_18",100,"Yes"
"ind28_19",20,"No"
"ind28_19",40,"Yes"
"ind28_19",60,"Yes"
"ind28_19",80,"Yes"
"ind28_19",100,"Yes"
"ind28_20",20,"No"
"ind28_20",40,"No"
"ind28_20",60,"Yes"
"ind28_20",80,"Yes"
"ind28_20",100,"Yes"
"ind28_21",20,"No"
"ind28_21",40,"Yes"
"ind28_21",60,"Yes"
"ind28_21",80,"Yes"
"ind28_21",100,"Yes"
"ind29_10",20,"No"
"ind29_10",40,"No"
"ind29_10",60,"Yes"
"ind29_10",80,"Yes"
"ind29_10",100,"Yes"
"ind29_11",20,"No"
"ind29_11",40,"No"
"ind29_11",60,"Yes"
"ind29_11",80,"Yes"
"ind29_11",100,"Yes"
"ind29_12",20,"No"
"ind29_12",40,"Yes"
"ind29_12",60,"Yes"
"ind29_12",80,"Yes"
"ind29_12",100,"Yes"
"ind29_13",20,"No"
"ind29_13",40,"Yes"
"ind29_13",60,"Yes"
"ind29_13",80,"Yes"
"ind29_13",100,"Yes"
"ind29_14",20,"No"
"ind29_14",40,"Yes"
"ind29_14",60,"Yes"
"ind29_14",80,"Yes"
"ind29_14",100,"Yes"
"ind29_15",20,"No"
"ind29_15",40,"Yes"
"ind29_15",60,"Yes"
"ind29_15",80,"Yes"
"ind29_15",100,"Yes"
"ind29_16",20,"No"
"ind29_16",40,"Yes"
"ind29_16",60,"Yes"
"ind29_16",80,"Yes"
"ind29_16",100,"Yes"
"ind29_17",20,"No"
"ind29_17",40,"Yes"
"ind29_17",60,"Yes"
"ind29_17",80,"Yes"
"ind29_17",100,"Yes"
"ind29_18",20,"No"
"ind29_18",40,"No"
"ind29_18",60,"Yes"
"ind29_18",80,"Yes"
"ind29_18",100,"Yes"
"ind29_19",20,"No"
"ind29_19",40,"Yes"
"ind29_19",60,"Yes"
"ind29_19",80,"Yes"
"ind29_19",100,"Yes"
"ind29_20",20,"No"
"ind29_20",40,"No"
"ind29_20",60,"Yes"
"ind29_20",80,"Yes"
"ind29_20",100,"Yes"
"ind29_21",20,"No"
"ind29_21",40,"Yes"
"ind29_21",60,"Yes"
"ind29_21",80,"Yes"
"ind29_21",100,"Yes"
"ind30_10",20,"No"
"ind30_10",40,"No"
"ind30_10",60,"Yes"
"ind30_10",80,"Yes"
"ind30_10",100,"Yes"
"ind30_11",20,"No"
"ind30_11",40,"Yes"
"ind30_11",60,"Yes"
"ind30_11",80,"Yes"
"ind30_11",100,"Yes"
"ind30_12",20,"No"
"ind30_12",40,"No"
"ind30_12",60,"Yes"
"ind30_12",80,"Yes"
"ind30_12",100,"Yes"
"ind30_13",20,"No"
"ind30_13",40,"No"
"ind30_13",60,"Yes"
"ind30_13",80,"Yes"
"ind30_13",100,"Yes"
"ind30_14",20,"No"
"ind30_14",40,"Yes"
"ind30_14",60,"Yes"
"ind30_14",80,"Yes"
"ind30_14",100,"Yes"
"ind30_15",20,"No"
"ind30_15",40,"Yes"
"ind30_15",60,"Yes"
"ind30_15",80,"Yes"
"ind30_15",100,"Yes"
"ind30_16",20,"No"
"ind30_16",40,"No"
"ind30_16",60,"Yes"
"ind30_16",80,"Yes"
"ind30_16",100,"Yes"
"ind30_17",20,"No"
"ind30_17",40,"Yes"
"ind30_17",60,"Yes"
"ind30_17",80,"Yes"
"ind30_17",100,"Yes"
"ind30_18",20,"No"
"ind30_18",40,"Yes"
"ind30_18",60,"Yes"
"ind30_18",80,"Yes"
"ind30_18",100,"Yes"
"ind30_19",20,"No"
"ind30_19",40,"Yes"
"ind30_19",60,"Yes"
"ind30_19",80,"Yes"
"ind30_19",100,"Yes"
"ind30_20",20,"No"
"ind30_20",40,"Yes"
"ind30_20",60,"Yes"
"ind30_20",80,"Yes"
"ind30_20",100,"Yes"
"ind31_11",20,"No"
"ind31_11",40,"Yes"
"ind31_11",60,"Yes"
"ind31_11",80,"Yes"
"ind31_11",100,"Yes"
"ind31_12",20,"No"
"ind31_12",40,"No"
"ind31_12",60,"Yes"
"ind31_12",80,"Yes"
"ind31_12",100,"Yes"
"ind31_13",20,"No"
"ind31_13",40,"Yes"
"ind31_13",60,"Yes"
"ind31_13",80,"Yes"
"ind31_13",100,"Yes"
"ind31_14",20,"No"
"ind31_14",40,"Yes"
"ind31_14",60,"Yes"
"ind31_14",80,"Yes"
"ind31_14",100,"Yes"
"ind31_15",20,"No"
"ind31_15",40,"Yes"
"ind31_15",60,"Yes"
"ind31_15",80,"Yes"
"ind31_15",100,"Yes"
"ind31_16",20,"No"
"ind31_16",40,"Yes"
"ind31_16",60,"Yes"
"ind31_16",80,"Yes"
"ind31_16",100,"Yes"
"ind31_17",20,"No"
"ind31_17",40,"Yes"
"ind31_17",60,"Yes"
"ind31_17",80,"Yes"
"ind31_17",100,"Yes"
"ind31_18",20,"No"
"ind31_18",40,"Yes"
"ind31_18",60,"Yes"
"ind31_18",80,"Yes"
"ind31_18",100,"Yes"
"ind31_19",20,"No"
"ind31_19",40,"No"
"ind31_19",60,"Yes"
"ind31_19",80,"Yes"
"ind31_19",100,"Yes"
"ind31_20",20,"No"
"ind31_20",40,"Yes"
"ind31_20",60,"Yes"
"ind31_20",80,"Yes"
"ind31_20",100,"Yes"
"ind32_11",20,"No"
"ind32_11",40,"No"
"ind32_11",60,"Yes"
"ind32_11",80,"Yes"
"ind32_11",100,"Yes"
"ind32_12",20,"No"
"ind32_12",40,"No"
"ind32_12",60,"Yes"
"ind32_12",80,"Yes"
"ind32_12",100,"Yes"
"ind32_13",20,"No"
"ind32_13",40,"Yes"
"ind32_13",60,"Yes"
"ind32_13",80,"Yes"
"ind32_13",100,"Yes"
"ind32_14",20,"No"
"ind32_14",40,"Yes"
"ind32_14",60,"Yes"
"ind32_14",80,"Yes"
"ind32_14",100,"Yes"
"ind32_15",20,"No"
"ind32_15",40,"No"
"ind32_15",60,"Yes"
"ind32_15",80,"Yes"
"ind32_15",100,"Yes"
"ind32_16",20,"No"
"ind32_16",40,"Yes"
"ind32_16",60,"Yes"
"ind32_16",80,"Yes"
"ind32_16",100,"Yes"
"ind32_17",20,"No"
"ind32_17",40,"Yes"
"ind32_17",60,"Yes"
"ind32_17",80,"Yes"
"ind32_17",100,"Yes"
"ind32_18",20,"No"
"ind32_18",40,"Yes"
"ind32_18",60,"Yes"
"ind32_18",80,"Yes"
"ind32_18",100,"Yes"
"ind32_19",20,"No"
"ind32_19",40,"Yes"
"ind32_19",60,"Yes"
"ind32_19",80,"Yes"
"ind32_19",100,"Yes"
"ind32_20",20,"No"
"ind32_20",40,"Yes"
"ind32_20",60,"Yes"
"ind32_20",80,"Yes"
"ind32_20",100,"Yes"
"ind33_8",20,"No"
"ind33_8",40,"No"
"ind33_8",60,"No"
"ind33_8",80,"No"
"ind33_8",100,"Yes"
"ind33_9",20,"No"
"ind33_9",40,"No"
"ind33_9",60,"No"
"ind33_9",80,"No"
"ind33_9",100,"No"
"ind33_11",20,"No"
"ind33_11",40,"No"
"ind33_11",60,"Yes"
"ind33_11",80,"Yes"
"ind33_11",100,"Yes"
"ind33_12",20,"No"
"ind33_12",40,"Yes"
"ind33_12",60,"Yes"
"ind33_12",80,"Yes"
"ind33_12",100,"Yes"
"ind33_13",20,"No"
"ind33_13",40,"No"
"ind33_13",60,"Yes"
"ind33_13",80,"Yes"
"ind33_13",100,"Yes"
"ind33_14",20,"No"
"ind33_14",40,"Yes"
"ind33_14",60,"Yes"
"ind33_14",80,"Yes"
"ind33_14",100,"Yes"
"ind33_15",20,"No"
"ind33_15",40,"No"
"ind33_15",60,"No"
"ind33_15",80,"Yes"
"ind33_15",100,"Yes"
"ind33_16",20,"No"
"ind33_16",40,"No"
"ind33_16",60,"Yes"
"ind33_16",80,"Yes"
"ind33_16",100,"Yes"
"ind33_17",20,"No"
"ind33_17",40,"Yes"
"ind33_17",60,"Yes"
"ind33_17",80,"Yes"
"ind33_17",100,"Yes"
"ind33_18",20,"No"
"ind33_18",40,"No"
"ind33_18",60,"Yes"
"ind33_18",80,"Yes"
"ind33_18",100,"Yes"
"ind33_19",20,"No"
"ind33_19",40,"No"
"ind33_19",60,"Yes"
"ind33_19",80,"Yes"
"ind33_19",100,"Yes"
"ind33_20",20,"No"
"ind33_20",40,"Yes"
"ind33_20",60,"Yes"
"ind33_20",80,"Yes"
"ind33_20",100,"Yes"
"ind34_5",20,"No"
"ind34_5",40,"No"
"ind34_5",60,"No"
"ind34_5",80,"No"
"ind34_5",100,"No"
"ind34_6",20,"No"
"ind34_6",40,"No"
"ind34_6",60,"Yes"
"ind34_6",80,"Yes"
"ind34_6",100,"Yes"
"ind34_8",20,"No"
"ind34_8",40,"No"
"ind34_8",60,"Yes"
"ind34_8",80,"Yes"
"ind34_8",100,"Yes"
"ind34_11",20,"No"
"ind34_11",40,"No"
"ind34_11",60,"Yes"
"ind34_11",80,"Yes"
"ind34_11",100,"Yes"
"ind34_12",20,"No"
"ind34_12",40,"No"
"ind34_12",60,"Yes"
"ind34_12",80,"Yes"
"ind34_12",100,"Yes"
"ind34_13",20,"No"
"ind34_13",40,"Yes"
"ind34_13",60,"Yes"
"ind34_13",80,"Yes"
"ind34_13",100,"Yes"
"ind34_14",20,"No"
"ind34_14",40,"Yes"
"ind34_14",60,"Yes"
"ind34_14",80,"Yes"
"ind34_14",100,"Yes"
"ind34_15",20,"No"
"ind34_15",40,"No"
"ind34_15",60,"Yes"
"ind34_15",80,"Yes"
"ind34_15",100,"Yes"
"ind34_16",20,"No"
"ind34_16",40,"Yes"
"ind34_16",60,"Yes"
"ind34_16",80,"Yes"
"ind34_16",100,"Yes"
"ind34_17",20,"No"
"ind34_17",40,"No"
"ind34_17",60,"Yes"
"ind34_17",80,"Yes"
"ind34_17",100,"Yes"
"ind34_18",20,"No"
"ind34_18",40,"No"
"ind34_18",60,"Yes"
"ind34_18",80,"Yes"
"ind34_18",100,"Yes"
"ind34_19",20,"No"
"ind34_19",40,"No"
"ind34_19",60,"Yes"
"ind34_19",80,"Yes"
"ind34_19",100,"Yes"
"ind35_8",20,"No"
"ind35_8",40,"No"
"ind35_8",60,"Yes"
"ind35_8",80,"Yes"
"ind35_8",100,"Yes"
"ind35_11",20,"No"
"ind35_11",40,"Yes"
"ind35_11",60,"Yes"
"ind35_11",80,"Yes"
"ind35_11",100,"Yes"
"ind35_12",20,"No"
"ind35_12",40,"Yes"
"ind35_12",60,"Yes"
"ind35_12",80,"Yes"
"ind35_12",100,"Yes"
"ind35_13",20,"No"
"ind35_13",40,"Yes"
"ind35_13",60,"Yes"
"ind35_13",80,"Yes"
"ind35_13",100,"Yes"
"ind35_14",20,"No"
"ind35_14",40,"No"
"ind35_14",60,"Yes"
"ind35_14",80,"Yes"
"ind35_14",100,"Yes"
"ind35_15",20,"No"
"ind35_15",40,"Yes"
"ind35_15",60,"Yes"
"ind35_15",80,"Yes"
"ind35_15",100,"Yes"
"ind35_17",20,"No"
"ind35_17",40,"No"
"ind35_17",60,"No"
"ind35_17",80,"No"
"ind35_17",100,"Yes"
"ind36_8",20,"No"
"ind36_8",40,"Yes"
"ind36_8",60,"Yes"
"ind36_8",80,"Yes"
"ind36_8",100,"Yes"
"ind36_10",20,"No"
"ind36_10",40,"No"
"ind36_10",60,"Yes"
"ind36_10",80,"Yes"
"ind36_10",100,"Yes"
"ind36_11",20,"No"
"ind36_11",40,"Yes"
"ind36_11",60,"Yes"
"ind36_11",80,"Yes"
"ind36_11",100,"Yes"
"ind36_12",20,"No"
"ind36_12",40,"No"
"ind36_12",60,"Yes"
"ind36_12",80,"Yes"
"ind36_12",100,"Yes"
"ind36_13",20,"No"
"ind36_13",40,"Yes"
"ind36_13",60,"Yes"
"ind36_13",80,"Yes"
"ind36_13",100,"Yes"
"ind36_14",20,"No"
"ind36_14",40,"Yes"
"ind36_14",60,"Yes"
"ind36_14",80,"Yes"
"ind36_14",100,"Yes"
"ind36_15",20,"No"
"ind36_15",40,"No"
"ind36_15",60,"Yes"
"ind36_15",80,"Yes"
"ind36_15",100,"Yes"
"ind37_6",20,"No"
"ind37_6",40,"No"
"ind37_6",60,"Yes"
"ind37_6",80,"Yes"
"ind37_6",100,"Yes"
"ind37_7",20,"No"
"ind37_7",40,"No"
"ind37_7",60,"Yes"
"ind37_7",80,"Yes"
"ind37_7",100,"Yes"
"ind37_8",20,"No"
"ind37_8",40,"No"
"ind37_8",60,"Yes"
"ind37_8",80,"Yes"
"ind37_8",100,"Yes"
"ind37_9",20,"No"
"ind37_9",40,"Yes"
"ind37_9",60,"Yes"
"ind37_9",80,"Yes"
"ind37_9",100,"Yes"
"ind37_10",20,"No"
"ind37_10",40,"No"
"ind37_10",60,"Yes"
"ind37_10",80,"Yes"
"ind37_10",100,"Yes"
"ind37_11",20,"No"
"ind37_11",40,"No"
"ind37_11",60,"Yes"
"ind37_11",80,"Yes"
"ind37_11",100,"Yes"
"ind37_12",20,"No"
"ind37_12",40,"No"
"ind37_12",60,"Yes"
"ind37_12",80,"Yes"
"ind37_12",100,"Yes"
"ind37_13",20,"No"
"ind37_13",40,"Yes"
"ind37_13",60,"Yes"
"ind37_13",80,"Yes"
"ind37_13",100,"Yes"
"ind37_14",20,"No"
"ind37_14",40,"No"
"ind37_14",60,"Yes"
"ind37_14",80,"Yes"
"ind37_14",100,"Yes"
"ind37_15",20,"No"
"ind37_15",40,"Yes"
"ind37_15",60,"Yes"
"ind37_15",80,"Yes"
"ind37_15",100,"Yes"
"ind37_16",20,"No"
"ind37_16",40,"Yes"
"ind37_16",60,"Yes"
"ind37_16",80,"Yes"
"ind37_16",100,"Yes"
"ind37_17",20,"No"
"ind37_17",40,"No"
"ind37_17",60,"Yes"
"ind37_17",80,"Yes"
"ind37_17",100,"Yes"
"ind38_6",20,"No"
"ind38_6",40,"No"
"ind38_6",60,"No"
"ind38_6",80,"Yes"
"ind38_6",100,"Yes"
"ind38_7",20,"No"
"ind38_7",40,"No"
"ind38_7",60,"No"
"ind38_7",80,"Yes"
"ind38_7",100,"Yes"
"ind38_8",20,"No"
"ind38_8",40,"No"
"ind38_8",60,"Yes"
"ind38_8",80,"Yes"
"ind38_8",100,"Yes"
"ind38_9",20,"No"
"ind38_9",40,"No"
"ind38_9",60,"Yes"
"ind38_9",80,"Yes"
"ind38_9",100,"Yes"
"ind38_10",20,"No"
"ind38_10",40,"No"
"ind38_10",60,"Yes"
"ind38_10",80,"Yes"
"ind38_10",100,"Yes"
"ind38_11",20,"No"
"ind38_11",40,"Yes"
"ind38_11",60,"Yes"
"ind38_11",80,"Yes"
"ind38_11",100,"Yes"
"ind38_12",20,"No"
"ind38_12",40,"No"
"ind38_12",60,"Yes"
"ind38_12",80,"Yes"
"ind38_12",100,"Yes"
"ind38_13",20,"No"
"ind38_13",40,"No"
"ind38_13",60,"Yes"
"ind38_13",80,"Yes"
"ind38_13",100,"Yes"
"ind38_14",20,"No"
"ind38_14",40,"No"
"ind38_14",60,"Yes"
"ind38_14",80,"Yes"
"ind38_14",100,"Yes"
"ind38_15",20,"No"
"ind38_15",40,"No"
"ind38_15",60,"Yes"
"ind38_15",80,"Yes"
"ind38_15",100,"Yes"
"ind38_16",20,"No"
"ind38_16",40,"No"
"ind38_16",60,"Yes"
"ind38_16",80,"Yes"
"ind38_16",100,"Yes"
"ind38_17",20,"No"
"ind38_17",40,"Yes"
"ind38_17",60,"Yes"
"ind38_17",80,"Yes"
"ind38_17",100,"Yes"
"ind39_7",20,"No"
"ind39_7",40,"No"
"ind39_7",60,"Yes"
"ind39_7",80,"Yes"
"ind39_7",100,"Yes"
"ind39_8",20,"No"
"ind39_8",40,"Yes"
"ind39_8",60,"Yes"
"ind39_8",80,"Yes"
"ind39_8",100,"Yes"
"ind39_10",20,"No"
"ind39_10",40,"No"
"ind39_10",60,"Yes"
"ind39_10",80,"Yes"
"ind39_10",100,"Yes"
"ind39_11",20,"No"
"ind39_11",40,"No"
"ind39_11",60,"Yes"
"ind39_11",80,"Yes"
"ind39_11",100,"Yes"
"ind39_12",20,"No"
"ind39_12",40,"No"
"ind39_12",60,"Yes"
"ind39_12",80,"Yes"
"ind39_12",100,"Yes"
"ind39_13",20,"No"
"ind39_13",40,"No"
"ind39_13",60,"Yes"
"ind39_13",80,"Yes"
"ind39_13",100,"Yes"
"ind39_14",20,"No"
"ind39_14",40,"No"
"ind39_14",60,"Yes"
"ind39_14",80,"Yes"
"ind39_14",100,"Yes"
"ind39_15",20,"No"
"ind39_15",40,"No"
"ind39_15",60,"Yes"
"ind39_15",80,"Yes"
"ind39_15",100,"Yes"
"ind39_16",20,"No"
"ind39_16",40,"No"
"ind39_16",60,"No"
"ind39_16",80,"Yes"
"ind39_16",100,"Yes"
"ind39_17",20,"No"
"ind39_17",40,"No"
"ind39_17",60,"Yes"
"ind39_17",80,"Yes"
"ind39_17",100,"Yes"
"ind40_6",20,"No"
"ind40_6",40,"No"
"ind40_6",60,"No"
"ind40_6",80,"No"
"ind40_6",100,"Yes"
"ind40_8",20,"No"
"ind40_8",40,"No"
"ind40_8",60,"Yes"
"ind40_8",80,"Yes"
"ind40_8",100,"Yes"
"ind40_9",20,"No"
"ind40_9",40,"No"
"ind40_9",60,"No"
"ind40_9",80,"Yes"
"ind40_9",100,"Yes"
"ind40_10",20,"No"
"ind40_10",40,"No"
"ind40_10",60,"Yes"
"ind40_10",80,"Yes"
"ind40_10",100,"Yes"
"ind40_11",20,"No"
"ind40_11",40,"No"
"ind40_11",60,"No"
"ind40_11",80,"Yes"
"ind40_11",100,"Yes"
"ind40_12",20,"No"
"ind40_12",40,"No"
"ind40_12",60,"Yes"
"ind40_12",80,"Yes"
"ind40_12",100,"Yes"
"ind40_13",20,"No"
"ind40_13",40,"No"
"ind40_13",60,"No"
"ind40_13",80,"Yes"
"ind40_13",100,"Yes"
"ind40_14",20,"No"
"ind40_14",40,"No"
"ind40_14",60,"Yes"
"ind40_14",80,"Yes"
"ind40_14",100,"Yes"
"ind40_15",20,"No"
"ind40_15",40,"No"
"ind40_15",60,"Yes"
"ind40_15",80,"Yes"
"ind40_15",100,"Yes"
"ind40_16",20,"No"
"ind40_16",40,"No"
"ind40_16",60,"Yes"
"ind40_16",80,"Yes"
"ind40_16",100,"Yes"
"ind40_17",20,"No"
"ind40_17",40,"No"
"ind40_17",60,"Yes"
"ind40_17",80,"Yes"
"ind40_17",100,"Yes"
"ind40_18",20,"No"
"ind40_18",40,"No"
"ind40_18",60,"Yes"
"ind40_18",80,"Yes"
"ind40_18",100,"Yes"
"ind41_2",20,"No"
"ind41_2",40,"No"
"ind41_2",60,"No"
"ind41_2",80,"No"
"ind41_2",100,"No"
"ind41_8",20,"No"
"ind41_8",40,"No"
"ind41_8",60,"Yes"
"ind41_8",80,"Yes"
"ind41_8",100,"Yes"
"ind41_9",20,"No"
"ind41_9",40,"No"
"ind41_9",60,"Yes"
"ind41_9",80,"Yes"
"ind41_9",100,"Yes"
"ind41_10",20,"No"
"ind41_10",40,"No"
"ind41_10",60,"Yes"
"ind41_10",80,"Yes"
"ind41_10",100,"Yes"
"ind41_11",20,"No"
"ind41_11",40,"No"
"ind41_11",60,"No"
"ind41_11",80,"Yes"
"ind41_11",100,"Yes"
"ind41_12",20,"No"
"ind41_12",40,"No"
"ind41_12",60,"No"
"ind41_12",80,"Yes"
"ind41_12",100,"Yes"
"ind41_13",20,"No"
"ind41_13",40,"No"
"ind41_13",60,"Yes"
"ind41_13",80,"Yes"
"ind41_13",100,"Yes"
"ind41_14",20,"No"
"ind41_14",40,"No"
"ind41_14",60,"Yes"
"ind41_14",80,"Yes"
"ind41_14",100,"Yes"
"ind41_15",20,"No"
"ind41_15",40,"No"
"ind41_15",60,"Yes"
"ind41_15",80,"Yes"
"ind41_15",100,"Yes"
"ind41_16",20,"No"
"ind41_16",40,"No"
"ind41_16",60,"Yes"
"ind41_16",80,"Yes"
"ind41_16",100,"Yes"
"ind41_17",20,"No"
"ind41_17",40,"No"
"ind41_17",60,"No"
"ind41_17",80,"Yes"
"ind41_17",100,"Yes"
"ind41_18",20,"No"
"ind41_18",40,"No"
"ind41_18",60,"No"
"ind41_18",80,"Yes"
"ind41_18",100,"Yes"
"ind42_2",20,"No"
"ind42_2",40,"No"
"ind42_2",60,"No"
"ind42_2",80,"No"
"ind42_2",100,"No"
"ind42_6",20,"No"
"ind42_6",40,"No"
"ind42_6",60,"No"
"ind42_6",80,"Yes"
"ind42_6",100,"Yes"
"ind42_7",20,"No"
"ind42_7",40,"No"
"ind42_7",60,"No"
"ind42_7",80,"Yes"
"ind42_7",100,"Yes"
"ind42_8",20,"No"
"ind42_8",40,"No"
"ind42_8",60,"No"
"ind42_8",80,"Yes"
"ind42_8",100,"Yes"
"ind42_9",20,"No"
"ind42_9",40,"No"
"ind42_9",60,"Yes"
"ind42_9",80,"Yes"
"ind42_9",100,"Yes"
"ind42_10",20,"No"
"ind42_10",40,"No"
"ind42_10",60,"No"
"ind42_10",80,"Yes"
"ind42_10",100,"Yes"
"ind42_11",20,"No"
"ind42_11",40,"No"
"ind42_11",60,"Yes"
"ind42_11",80,"Yes"
"ind42_11",100,"Yes"
"ind42_12",20,"No"
"ind42_12",40,"No"
"ind42_12",60,"No"
"ind42_12",80,"Yes"
"ind42_12",100,"Yes"
"ind42_13",20,"No"
"ind42_13",40,"No"
"ind42_13",60,"Yes"
"ind42_13",80,"Yes"
"ind42_13",100,"Yes"
"ind42_14",20,"No"
"ind42_14",40,"No"
"ind42_14",60,"Yes"
"ind42_14",80,"Yes"
"ind42_14",100,"Yes"
"ind42_15",20,"No"
"ind42_15",40,"No"
"ind42_15",60,"No"
"ind42_15",80,"Yes"
"ind42_15",100,"Yes"
"ind42_16",20,"No"
"ind42_16",40,"No"
"ind42_16",60,"No"
"ind42_16",80,"Yes"
"ind42_16",100,"Yes"
"ind42_17",20,"No"
"ind42_17",40,"No"
"ind42_17",60,"No"
"ind42_17",80,"Yes"
"ind42_17",100,"Yes"
"ind42_18",20,"No"
"ind42_18",40,"No"
"ind42_18",60,"No"
"ind42_18",80,"Yes"
"ind42_18",100,"Yes"
"ind42_19",20,"No"
"ind42_19",40,"No"
"ind42_19",60,"Yes"
"ind42_19",80,"Yes"
"ind42_19",100,"Yes"
"ind43_5",20,"No"
"ind43_5",40,"No"
"ind43_5",60,"No"
"ind43_5",80,"No"
"ind43_5",100,"Yes"
"ind43_7",20,"No"
"ind43_7",40,"No"
"ind43_7",60,"No"
"ind43_7",80,"Yes"
"ind43_7",100,"Yes"
"ind43_8",20,"No"
"ind43_8",40,"No"
"ind43_8",60,"No"
"ind43_8",80,"Yes"
"ind43_8",100,"Yes"
"ind43_9",20,"No"
"ind43_9",40,"No"
"ind43_9",60,"No"
"ind43_9",80,"Yes"
"ind43_9",100,"Yes"
"ind43_10",20,"No"
"ind43_10",40,"No"
"ind43_10",60,"No"
"ind43_10",80,"Yes"
"ind43_10",100,"Yes"
"ind43_11",20,"No"
"ind43_11",40,"No"
"ind43_11",60,"No"
"ind43_11",80,"No"
"ind43_11",100,"Yes"
"ind43_12",20,"No"
"ind43_12",40,"No"
"ind43_12",60,"Yes"
"ind43_12",80,"Yes"
"ind43_12",100,"Yes"
"ind43_13",20,"No"
"ind43_13",40,"No"
"ind43_13",60,"No"
"ind43_13",80,"Yes"
"ind43_13",100,"Yes"
"ind43_14",20,"No"
"ind43_14",40,"No"
"ind43_14",60,"Yes"
"ind43_14",80,"Yes"
"ind43_14",100,"Yes"
"ind43_15",20,"No"
"ind43_15",40,"No"
"ind43_15",60,"Yes"
"ind43_15",80,"Yes"
"ind43_15",100,"Yes"
"ind43_16",20,"No"
"ind43_16",40,"No"
"ind43_16",60,"Yes"
"ind43_16",80,"Yes"
"ind43_16",100,"Yes"
"ind43_17",20,"No"
"ind43_17",40,"No"
"ind43_17",60,"Yes"
"ind43_17",80,"Yes"
"ind43_17",100,"Yes"
"ind43_18",20,"No"
"ind43_18",40,"No"
"ind43_18",60,"No"
"ind43_18",80,"Yes"
"ind43_18",100,"Yes"
"ind43_19",20,"No"
"ind43_19",40,"No"
"ind43_19",60,"No"
"ind43_19",80,"No"
"ind43_19",100,"Yes"
"ind44_2",20,"No"
"ind44_2",40,"No"
"ind44_2",60,"No"
"ind44_2",80,"No"
"ind44_2",100,"No"
"ind44_8",20,"No"
"ind44_8",40,"No"
"ind44_8",60,"No"
"ind44_8",80,"Yes"
"ind44_8",100,"Yes"
"ind44_9",20,"No"
"ind44_9",40,"No"
"ind44_9",60,"No"
"ind44_9",80,"Yes"
"ind44_9",100,"Yes"
"ind44_10",20,"No"
"ind44_10",40,"No"
"ind44_10",60,"No"
"ind44_10",80,"Yes"
"ind44_10",100,"Yes"
"ind44_11",20,"No"
"ind44_11",40,"No"
"ind44_11",60,"No"
"ind44_11",80,"Yes"
"ind44_11",100,"Yes"
"ind44_12",20,"No"
"ind44_12",40,"No"
"ind44_12",60,"No"
"ind44_12",80,"Yes"
"ind44_12",100,"Yes"
"ind44_14",20,"No"
"ind44_14",40,"No"
"ind44_14",60,"Yes"
"ind44_14",80,"Yes"
"ind44_14",100,"Yes"
"ind44_15",20,"No"
"ind44_15",40,"No"
"ind44_15",60,"Yes"
"ind44_15",80,"Yes"
"ind44_15",100,"Yes"
"ind44_16",20,"No"
"ind44_16",40,"No"
"ind44_16",60,"No"
"ind44_16",80,"Yes"
"ind44_16",100,"Yes"
"ind44_17",20,"No"
"ind44_17",40,"No"
"ind44_17",60,"No"
"ind44_17",80,"Yes"
"ind44_17",100,"Yes"
"ind44_18",20,"No"
"ind44_18",40,"No"
"ind44_18",60,"No"
"ind44_18",80,"Yes"
"ind44_18",100,"Yes"
"ind44_19",20,"No"
"ind44_19",40,"No"
"ind44_19",60,"No"
"ind44_19",80,"No"
"ind44_19",100,"Yes"
"ind45_8",20,"No"
"ind45_8",40,"No"
"ind45_8",60,"No"
"ind45_8",80,"Yes"
"ind45_8",100,"Yes"
"ind45_9",20,"No"
"ind45_9",40,"No"
"ind45_9",60,"No"
"ind45_9",80,"Yes"
"ind45_9",100,"Yes"
"ind45_10",20,"No"
"ind45_10",40,"No"
"ind45_10",60,"No"
"ind45_10",80,"No"
"ind45_10",100,"Yes"
"ind45_11",20,"No"
"ind45_11",40,"No"
"ind45_11",60,"No"
"ind45_11",80,"Yes"
"ind45_11",100,"Yes"
"ind45_12",20,"No"
"ind45_12",40,"No"
"ind45_12",60,"No"
"ind45_12",80,"Yes"
"ind45_12",100,"Yes"
"ind45_13",20,"No"
"ind45_13",40,"No"
"ind45_13",60,"No"
"ind45_13",80,"Yes"
"ind45_13",100,"Yes"
"ind46_4",20,"No"
"ind46_4",40,"No"
"ind46_4",60,"No"
"ind46_4",80,"No"
"ind46_4",100,"No"
"ind46_9",20,"No"
"ind46_9",40,"No"
"ind46_9",60,"No"
"ind46_9",80,"No"
"ind46_9",100,"Yes"
"ind46_10",20,"No"
"ind46_10",40,"No"
"ind46_10",60,"No"
"ind46_10",80,"Yes"
"ind46_10",100,"Yes"
"ind46_11",20,"No"
"ind46_11",40,"No"
"ind46_11",60,"No"
"ind46_11",80,"No"
"ind46_11",100,"Yes"
"ind46_12",20,"No"
"ind46_12",40,"No"
"ind46_12",60,"No"
"ind46_12",80,"Yes"
"ind46_12",100,"Yes"
"ind47_3",20,"No"
"ind47_3",40,"No"
"ind47_3",60,"No"
"ind47_3",80,"No"
"ind47_3",100,"No"
"ind47_4",20,"No"
"ind47_4",40,"No"
"ind47_4",60,"No"
"ind47_4",80,"No"
"ind47_4",100,"No"
"ind47_5",20,"No"
"ind47_5",40,"No"
"ind47_5",60,"No"
"ind47_5",80,"Yes"
"ind47_5",100,"Yes"
"ind47_9",20,"No"
"ind47_9",40,"No"
"ind47_9",60,"No"
"ind47_9",80,"No"
"ind47_9",100,"No"
"ind47_10",20,"No"
"ind47_10",40,"No"
"ind47_10",60,"No"
"ind47_10",80,"No"
"ind47_10",100,"No"
"ind47_11",20,"No"
"ind47_11",40,"No"
"ind47_11",60,"No"
"ind47_11",80,"Yes"
"ind47_11",100,"Yes"
"ind47_12",20,"No"
"ind47_12",40,"No"
"ind47_12",60,"No"
"ind47_12",80,"Yes"
"ind47_12",100,"Yes"
"ind47_13",20,"No"
"ind47_13",40,"No"
"ind47_13",60,"No"
"ind47_13",80,"No"
"ind47_13",100,"Yes"
"ind47_14",20,"No"
"ind47_14",40,"No"
"ind47_14",60,"No"
"ind47_14",80,"Yes"
"ind47_14",100,"Yes"
"ind48_5",20,"No"
"ind48_5",40,"No"
"ind48_5",60,"No"
"ind48_5",80,"No"
"ind48_5",100,"Yes"
"ind48_10",20,"No"
"ind48_10",40,"No"
"ind48_10",60,"No"
"ind48_10",80,"No"
"ind48_10",100,"Yes"
"ind48_11",20,"No"
"ind48_11",40,"No"
"ind48_11",60,"No"
"ind48_11",80,"Yes"
"ind48_11",100,"Yes"
"ind48_12",20,"No"
"ind48_12",40,"No"
"ind48_12",60,"No"
"ind48_12",80,"No"
"ind48_12",100,"Yes"
"ind48_13",20,"No"
"ind48_13",40,"No"
"ind48_13",60,"No"
"ind48_13",80,"No"
"ind48_13",100,"Yes"
"ind48_14",20,"No"
"ind48_14",40,"No"
"ind48_14",60,"No"
"ind48_14",80,"Yes"
"ind48_14",100,"Yes"
"ind48_15",20,"No"
"ind48_15",40,"No"
"ind48_15",60,"No"
"ind48_15",80,"No"
"ind48_15",100,"No"
"ind49_10",20,"No"
"ind49_10",40,"No"
"ind49_10",60,"No"
"ind49_10",80,"No"
"ind49_10",100,"Yes"
"ind49_11",20,"No"
"ind49_11",40,"No"
"ind49_11",60,"No"
"ind49_11",80,"No"
"ind49_11",100,"Yes"
"ind49_12",20,"No"
"ind49_12",40,"No"
"ind49_12",60,"No"
"ind49_12",80,"No"
"ind49_12",100,"Yes"
"ind49_13",20,"No"
"ind49_13",40,"No"
"ind49_13",60,"No"
"ind49_13",80,"No"
"ind49_13",100,"Yes"
"ind49_14",20,"No"
"ind49_14",40,"No"
"ind49_14",60,"No"
"ind49_14",80,"No"
"ind49_14",100,"No"
"ind49_15",20,"No"
"ind49_15",40,"No"
"ind49_15",60,"No"
"ind49_15",80,"No"
"ind49_15",100,"No"
"ind51_15",20,"No"
"ind51_15",40,"No"
"ind51_15",60,"No"
"ind51_15",80,"No"
"ind51_15",100,"Yes"
"ind52_15",20,"No"
"ind52_15",40,"No"
"ind52_15",60,"No"
"ind52_15",80,"No"
"ind52_15",100,"No"
